,Height,Alpha,Beta
0,0.0,-0.014786903292009618,-0.7393451646004809
1,7.5,-0.015122451639634162,-0.7561225819817081
2,15.0,-0.015306820586800567,-0.7653410293400283
3,22.5,-0.015479424705227006,-0.7739712352613503
4,30.0,-0.01580853329977816,-0.790426664988908
5,37.5,-0.016210001563741496,-0.8105000781870748
6,45.0,-0.01649122226261406,-0.8245611131307029
7,52.5,-0.016805022249382972,-0.8402511124691486
8,60.0,-0.016935313582984328,-0.8467656791492164
9,67.5,-0.017104671261476436,-0.8552335630738218
10,75.0,-0.017876468120342763,-0.8938234060171382
11,82.5,-0.018937609823181857,-0.9468804911590929
12,90.0,-0.02059128723745609,-1.0295643618728045
13,97.5,-0.022043490537624173,-1.1021745268812086
14,105.0,-0.02371140005285425,-1.1855700026427125
15,112.5,-0.02537167812517088,-1.268583906258544
16,120.0,-0.026755760067536556,-1.337788003376828
17,127.5,-0.028417636952389608,-1.4208818476194804
18,135.0,-0.029625973797628356,-1.4812986898814178
19,142.5,-0.031193610878158917,-1.559680543907946
20,150.0,-0.0328078294823552,-1.64039147411776
21,157.5,-0.034540875665457514,-1.7270437832728758
22,165.0,-0.036177389691071676,-1.8088694845535838
23,172.5,-0.03761965288358963,-1.8809826441794815
24,180.0,-0.039000915684490225,-1.9500457842245114
25,187.5,-0.039882977026198786,-1.9941488513099392
26,195.0,-0.041037826510645345,-2.0518913255322673
27,202.5,-0.04264842013897129,-2.1324210069485647
28,210.0,-0.043674605737489165,-2.183730286874458
29,217.5,-0.044827342217571925,-2.2413671108785964
30,225.0,-0.04666011680450941,-2.3330058402254705
31,232.5,-0.04744672290573009,-2.3723361452865044
32,240.0,-0.04877757763239413,-2.4388788816197065
33,247.5,-0.05016401267148078,-2.508200633574039
34,255.0,-0.05148724728059467,-2.5743623640297337
35,262.5,-0.05338225660612661,-2.6691128303063305
36,270.0,-0.05500620571756969,-2.7503102858784843
37,277.5,-0.05651655558023765,-2.8258277790118824
38,285.0,-0.056653381967806685,-2.832669098390334
39,292.5,-0.05802787862100422,-2.901393931050211
40,300.0,-0.05994314312831763,-2.9971571564158817
41,307.5,-0.0609570551836801,-3.0478527591840052
42,315.0,-0.06274478510250332,-3.137239255125166
43,322.5,-0.06295218662669191,-3.147609331334596
44,330.0,-0.06408999815089962,-3.204499907544981
45,337.5,-0.06535410689859711,-3.2677053449298556
46,345.0,-0.06704061729687523,-3.3520308648437616
47,352.5,-0.06797335337002547,-3.3986676685012736
48,360.0,-0.06869319938119256,-3.434659969059628
49,367.5,-0.07083059579571419,-3.5415297897857094
50,375.0,-0.07198353830891191,-3.5991769154455957
51,382.5,-0.07227921881112301,-3.6139609405561504
52,390.0,-0.07399310655592156,-3.699655327796078
53,397.5,-0.07681817892103973,-3.8409089460519867
54,405.0,-0.07824935841923288,-3.9124679209616438
55,412.5,-0.07951157531305696,-3.975578765652848
56,420.0,-0.0816920039907844,-4.08460019953922
57,427.5,-0.08210789498123862,-4.105394749061931
58,435.0,-0.0832138599935046,-4.16069299967523
59,442.5,-0.08204480142032519,-4.10224007101626
60,450.0,-0.08315229158478057,-4.157614579239029
61,457.5,-0.08653506820049144,-4.326753410024572
62,465.0,-0.08818161744618856,-4.409080872309428
63,472.5,-0.08772883555943278,-4.386441777971639
64,480.0,-0.08902480500984766,-4.451240250492383
65,487.5,-0.08887054799170413,-4.443527399585206
66,495.0,-0.08884182055492837,-4.442091027746418
67,502.5,-0.09141204483483721,-4.57060224174186
68,510.0,-0.09289596889164775,-4.6447984445823876
69,517.5,-0.0952729116979764,-4.76364558489882
70,525.0,-0.09555031257139877,-4.7775156285699385
71,532.5,-0.09435191093551791,-4.717595546775896
72,540.0,-0.09527931589425392,-4.763965794712696
73,547.5,-0.0974451347960689,-4.872256739803444
74,555.0,-0.09997593418106121,-4.99879670905306
75,562.5,-0.10204763443248202,-5.102381721624101
76,570.0,-0.10051549562883731,-5.025774781441865
77,577.5,-0.10260380243231619,-5.13019012161581
78,585.0,-0.1037038107484817,-5.185190537424085
79,592.5,-0.10425988523823747,-5.212994261911874
80,600.0,-0.105501302871314,-5.2750651435657
81,607.5,-0.10796362837108271,-5.3981814185541355
82,615.0,-0.108363637238681,-5.41818186193405
83,622.5,-0.10779311634450114,-5.389655817225057
84,630.0,-0.11155381196819288,-5.577690598409644
85,637.5,-0.11297706445000494,-5.648853222500247
86,645.0,-0.1127417784444475,-5.637088922222374
87,652.5,-0.11485779812242315,-5.742889906121158
88,660.0,-0.11173488406219828,-5.586744203109914
89,667.5,-0.11483410077734942,-5.741705038867471
90,675.0,-0.117165195563596,-5.8582597781798
91,682.5,-0.11562795740750081,-5.781397870375041
92,690.0,-0.1197456881433502,-5.98728440716751
93,697.5,-0.12043834895159165,-6.0219174475795825
94,705.0,-0.12208358089589598,-6.104179044794799
95,712.5,-0.11989986461678137,-5.994993230839069
96,720.0,-0.12063179899354855,-6.031589949677428
97,727.5,-0.12696145067922787,-6.3480725339613935
98,735.0,-0.12821986274431446,-6.410993137215723
99,742.5,-0.12621751345607296,-6.310875672803648
100,750.0,-0.128204451899103,-6.410222594955151
101,757.5,-0.1277799762389739,-6.388998811948696
102,765.0,-0.12746853358100005,-6.373426679050002
103,772.5,-0.12810492656284264,-6.405246328142132
104,780.0,-0.1300911526023566,-6.50455763011783
105,787.5,-0.13284583218901522,-6.642291609450761
106,795.0,-0.1321541510477237,-6.607707552386185
107,802.5,-0.13525316379652266,-6.7626581898261335
108,810.0,-0.135659381649148,-6.7829690824574005
109,817.5,-0.1371685034420237,-6.858425172101184
110,825.0,-0.13462709413715312,-6.7313547068576565
111,832.5,-0.13761281063451092,-6.880640531725546
112,840.0,-0.13702457369919957,-6.851228684959978
113,847.5,-0.13687689208639858,-6.843844604319929
114,855.0,-0.14064410445677705,-7.0322052228388525
115,862.5,-0.1424977680946541,-7.124888404732705
116,870.0,-0.14545883382490452,-7.272941691245226
117,877.5,-0.14512152949225335,-7.256076474612668
118,885.0,-0.14215348570724953,-7.107674285362477
119,892.5,-0.14485061945572236,-7.242530972786118
120,900.0,-0.14415672331611146,-7.207836165805573
121,907.5,-0.1439543136272096,-7.19771568136048
122,915.0,-0.1443201123485463,-7.2160056174273155
123,922.5,-0.14633963732800917,-7.316981866400458
124,930.0,-0.14669959040478306,-7.334979520239153
125,937.5,-0.14534842346865662,-7.267421173432831
126,945.0,-0.14946699835140878,-7.473349917570439
127,952.5,-0.14883225023472355,-7.441612511736177
128,960.0,-0.15058393018552096,-7.529196509276048
129,967.5,-0.1545671848848153,-7.728359244240765
130,975.0,-0.15261729184651238,-7.630864592325619
131,982.5,-0.1589206068088415,-7.946030340442076
132,990.0,-0.15408366009079966,-7.704183004539983
133,997.5,-0.15359008390373977,-7.679504195186988
134,1005.0,-0.15831961321499463,-7.915980660749732
135,1012.5,-0.1553229672444989,-7.7661483622249445
136,1020.0,-0.1548350935791665,-7.741754678958325
137,1027.5,-0.1590619571776657,-7.953097858883284
138,1035.0,-0.15679818578196045,-7.839909289098022
139,1042.5,-0.15767736644903455,-7.883868322451727
140,1050.0,-0.15446859208250543,-7.723429604125272
141,1057.5,-0.15718652452914897,-7.859326226457449
142,1065.0,-0.1615078328959413,-8.075391644797065
143,1072.5,-0.16137018585166799,-8.0685092925834
144,1080.0,-0.15946566765558323,-7.973283382779162
145,1087.5,-0.15807194880611755,-7.9035974403058775
146,1095.0,-0.15997046046180702,-7.998523023090351
147,1102.5,-0.1623004383324979,-8.115021916624896
148,1110.0,-0.15869302743593372,-7.9346513717966864
149,1117.5,-0.15857493224459562,-7.928746612229781
150,1125.0,-0.15680112494024356,-7.840056247012178
151,1132.5,-0.14753736676409931,-7.376868338204965
152,1140.0,-0.12789939922768284,-6.394969961384142
153,1147.5,-0.09660374976399216,-4.830187488199608
154,1155.0,-0.069638393593914,-3.4819196796956997
155,1162.5,-0.05133878515659375,-2.5669392578296875
156,1170.0,-0.05966061098589757,-2.9830305492948783
157,1177.5,-0.08971761237188114,-4.485880618594057
158,1185.0,-0.1305082205408257,-6.525411027041285
159,1192.5,-0.14401538662340732,-7.200769331170366
160,1200.0,-0.09294298190934619,-4.647149095467309
161,1207.5,-0.07767753209007368,-3.883876604503684
162,1215.0,-0.07334998577645023,-3.6674992888225115
163,1222.5,-0.06414612340837655,-3.2073061704188275
164,1230.0,-0.08755227529434578,-4.377613764717289
165,1237.5,-0.1354876428048484,-6.7743821402424205
166,1245.0,-0.16772707065473305,-8.386353532736653
167,1252.5,-0.18826526318152878,-9.41326315907644
168,1260.0,-0.18005513026716988,-9.002756513358493
169,1267.5,-0.18694647320535338,-9.34732366026767
170,1275.0,-0.18540846452639,-9.270423226319501
171,1282.5,-0.18501329316785478,-9.25066465839274
172,1290.0,-0.18843810425835542,-9.421905212917771
173,1297.5,-0.18556604148744324,-9.278302074372162
174,1305.0,-0.18476740696360877,-9.238370348180439
175,1312.5,-0.18631378401140927,-9.315689200570464
176,1320.0,-0.18957712804637306,-9.478856402318653
177,1327.5,-0.18558320701167455,-9.279160350583728
178,1335.0,-0.18891460642881186,-9.445730321440593
179,1342.5,-0.1920912898910588,-9.60456449455294
180,1350.0,-0.19002597800551382,-9.50129890027569
181,1357.5,-0.1917967854743017,-9.589839273715086
182,1365.0,-0.1921918932090035,-9.609594660450176
183,1372.5,-0.19141985376412812,-9.570992688206406
184,1380.0,-0.1943712959011822,-9.71856479505911
185,1387.5,-0.1939366556196025,-9.696832780980124
186,1395.0,-0.19613686248825335,-9.806843124412667
187,1402.5,-0.1927287717835726,-9.63643858917863
188,1410.0,-0.1927612779842608,-9.638063899213039
189,1417.5,-0.19701288619752688,-9.850644309876344
190,1425.0,-0.19572372191459214,-9.786186095729606
191,1432.5,-0.19588104643414,-9.794052321707
192,1440.0,-0.1992053652469265,-9.960268262346325
193,1447.5,-0.1957956841334906,-9.78978420667453
194,1455.0,-0.19614953376486072,-9.807476688243035
195,1462.5,-0.1951701452686861,-9.758507263434305
196,1470.0,-0.1985030946134556,-9.92515473067278
197,1477.5,-0.20056182505345205,-10.028091252672603
198,1485.0,-0.19961108435145922,-9.98055421757296
199,1492.5,-0.19881624262754038,-9.940812131377019
200,1500.0,-0.19709409445971027,-9.854704722985513
201,1507.5,-0.1990881296334426,-9.95440648167213
202,1515.0,-0.1993095342402842,-9.96547671201421
203,1522.5,-0.20285602390424873,-10.142801195212437
204,1530.0,-0.20029850158373994,-10.014925079186996
205,1537.5,-0.20118742719100619,-10.05937135955031
206,1545.0,-0.2034374157955432,-10.17187078977716
207,1552.5,-0.20240669641011652,-10.120334820505827
208,1560.0,-0.20366129260763252,-10.183064630381626
209,1567.5,-0.20231050230624384,-10.115525115312192
210,1575.0,-0.20281506668330557,-10.140753334165279
211,1582.5,-0.20289133161391573,-10.144566580695786
212,1590.0,-0.20425586109314386,-10.212793054657194
213,1597.5,-0.20058684030370796,-10.029342015185398
214,1605.0,-0.20140333892036918,-10.070166946018459
215,1612.5,-0.2028823236419739,-10.144116182098696
216,1620.0,-0.20935253662639883,-10.467626831319942
217,1627.5,-0.20604687670103872,-10.302343835051936
218,1635.0,-0.2058942993935263,-10.294714969676315
219,1642.5,-0.20413818884588844,-10.206909442294423
220,1650.0,-0.20783138315597177,-10.391569157798589
221,1657.5,-0.2075798840007425,-10.378994200037125
222,1665.0,-0.20556702095485382,-10.27835104774269
223,1672.5,-0.20781270634006266,-10.390635317003133
224,1680.0,-0.21125307201146826,-10.562653600573412
225,1687.5,-0.20925350422067635,-10.462675211033817
226,1695.0,-0.20817552277315446,-10.408776138657723
227,1702.5,-0.20971759801962125,-10.485879900981063
228,1710.0,-0.2117285010546463,-10.586425052732315
229,1717.5,-0.21347625400363912,-10.673812700181957
230,1725.0,-0.21494041297272307,-10.747020648636154
231,1732.5,-0.21416726035448114,-10.708363017724057
232,1740.0,-0.21052047356583556,-10.526023678291779
233,1747.5,-0.21160881051557373,-10.580440525778686
234,1755.0,-0.21204200077794863,-10.602100038897431
235,1762.5,-0.21557163634446785,-10.778581817223392
236,1770.0,-0.21227947823836432,-10.613973911918215
237,1777.5,-0.21521359312072016,-10.760679656036007
238,1785.0,-0.21593602129301465,-10.796801064650733
239,1792.5,-0.2121175677172982,-10.60587838586491
240,1800.0,-0.21448780184115335,-10.724390092057668
241,1807.5,-0.2148689308875292,-10.74344654437646
242,1815.0,-0.21552859915360592,-10.776429957680296
243,1822.5,-0.21642728370221764,-10.821364185110882
244,1830.0,-0.21391417102576551,-10.695708551288275
245,1837.5,-0.21160155135699868,-10.580077567849933
246,1845.0,-0.2146886303508053,-10.734431517540264
247,1852.5,-0.21426145303597804,-10.713072651798901
248,1860.0,-0.21489782924825743,-10.744891462412872
249,1867.5,-0.21244231646440143,-10.62211582322007
250,1875.0,-0.21514110370453252,-10.757055185226626
251,1882.5,-0.2153993474177359,-10.769967370886794
252,1890.0,-0.21603491646942613,-10.801745823471306
253,1897.5,-0.21435595346455488,-10.717797673227745
254,1905.0,-0.21697713516274758,-10.848856758137378
255,1912.5,-0.2178136204276703,-10.890681021383514
256,1920.0,-0.21613204566984875,-10.806602283492438
257,1927.5,-0.22101693952455748,-11.050846976227874
258,1935.0,-0.21847143910957995,-10.923571955478998
259,1942.5,-0.21996646251149501,-10.998323125574752
260,1950.0,-0.2183207985434546,-10.91603992717273
261,1957.5,-0.21468369380879607,-10.734184690439804
262,1965.0,-0.2209689751793257,-11.048448758966286
263,1972.5,-0.2190382221487889,-10.951911107439445
264,1980.0,-0.21822526509481135,-10.911263254740568
265,1987.5,-0.21960771759594758,-10.980385879797378
266,1995.0,-0.21908235214665522,-10.954117607332762
267,2002.5,-0.22145485305149917,-11.07274265257496
268,2010.0,-0.22024638550557438,-11.012319275278719
269,2017.5,-0.2232339566701747,-11.161697833508736
270,2025.0,-0.21881016964312425,-10.940508482156213
271,2032.5,-0.22180229062877593,-11.090114531438797
272,2040.0,-0.2231347298417485,-11.156736492087425
273,2047.5,-0.21838149643093038,-10.91907482154652
274,2055.0,-0.21934921783121542,-10.967460891560771
275,2062.5,-0.21752520520841184,-10.876260260420592
276,2070.0,-0.22484384007501362,-11.24219200375068
277,2077.5,-0.22079207163079168,-11.039603581539584
278,2085.0,-0.22141583785755115,-11.070791892877557
279,2092.5,-0.2234883683510406,-11.17441841755203
280,2100.0,-0.21956609214531853,-10.978304607265926
281,2107.5,-0.22363327308774925,-11.181663654387462
282,2115.0,-0.2232407521988624,-11.16203760994312
283,2122.5,-0.22316986770286265,-11.158493385143133
284,2130.0,-0.22418644017292735,-11.209322008646367
285,2137.5,-0.22729332814602965,-11.364666407301483
286,2145.0,-0.2267071206993616,-11.33535603496808
287,2152.5,-0.22606325395536317,-11.303162697768158
288,2160.0,-0.22304109971482708,-11.152054985741353
289,2167.5,-0.22427272715307314,-11.213636357653657
290,2175.0,-0.22913430319203457,-11.456715159601728
291,2182.5,-0.22542970430473686,-11.271485215236844
292,2190.0,-0.2239903501316959,-11.199517506584796
293,2197.5,-0.22289364413113977,-11.144682206556988
294,2205.0,-0.2273609114622634,-11.36804557311317
295,2212.5,-0.22463287356547193,-11.231643678273597
296,2220.0,-0.22767429149996382,-11.38371457499819
297,2227.5,-0.22675344737850991,-11.337672368925496
298,2235.0,-0.22710476380539896,-11.355238190269947
299,2242.5,-0.22904633534654648,-11.452316767327323
300,2250.0,-0.22389074505153292,-11.194537252576646
301,2257.5,-0.22496122634487614,-11.248061317243806
302,2265.0,-0.22715283322822657,-11.357641661411328
303,2272.5,-0.22644141955459268,-11.322070977729634
304,2280.0,-0.2271318729894483,-11.356593649472416
305,2287.5,-0.22729448065719662,-11.364724032859831
306,2295.0,-0.22906913771236517,-11.453456885618259
307,2302.5,-0.2273177493324016,-11.36588746662008
308,2310.0,-0.22771294662447955,-11.385647331223977
309,2317.5,-0.22456751093409213,-11.228375546704607
310,2325.0,-0.2223500649946796,-11.11750324973398
311,2332.5,-0.226025679302523,-11.301283965126151
312,2340.0,-0.22676400098667301,-11.33820004933365
313,2347.5,-0.22853789801719276,-11.426894900859638
314,2355.0,-0.22502634687306275,-11.251317343653138
315,2362.5,-0.2300042988833319,-11.500214944166595
316,2370.0,-0.2264259317893816,-11.32129658946908
317,2377.5,-0.22838364764246835,-11.419182382123418
318,2385.0,-0.22778731054506335,-11.389365527253167
319,2392.5,-0.22737211848540723,-11.368605924270362
320,2400.0,-0.22538255619360964,-11.269127809680482
321,2407.5,-0.22732735370821625,-11.366367685410813
322,2415.0,-0.2282573517903562,-11.412867589517809
323,2422.5,-0.2297631522836561,-11.488157614182805
324,2430.0,-0.22770570715585597,-11.3852853577928
325,2437.5,-0.22476567167789693,-11.238283583894846
326,2445.0,-0.22689533702821088,-11.344766851410544
327,2452.5,-0.22732206547523393,-11.366103273761697
328,2460.0,-0.2281892177979565,-11.409460889897826
329,2467.5,-0.2248327528955723,-11.241637644778615
330,2475.0,-0.22842209820929252,-11.421104910464626
331,2482.5,-0.2332059237093857,-11.660296185469285
332,2490.0,-0.22814067311765135,-11.407033655882568
333,2497.5,-0.22468214823097946,-11.234107411548973
334,2505.0,-0.22721496367763133,-11.360748183881567
335,2512.5,-0.2246242646837679,-11.231213234188395
336,2520.0,-0.2274825358469885,-11.374126792349424
337,2527.5,-0.22574517591995077,-11.28725879599754
338,2535.0,-0.2259636089304913,-11.298180446524565
339,2542.5,-0.22952891589726074,-11.476445794863038
340,2550.0,-0.226017664795425,-11.30088323977125
341,2557.5,-0.22648851399184733,-11.324425699592366
342,2565.0,-0.2276720807447806,-11.38360403723903
343,2572.5,-0.22815289800986413,-11.407644900493207
344,2580.0,-0.22668336562173658,-11.334168281086829
345,2587.5,-0.23045265345260854,-11.522632672630428
346,2595.0,-0.22517192153138157,-11.258596076569079
347,2602.5,-0.22640916793782945,-11.320458396891473
348,2610.0,-0.2325718210661852,-11.628591053309261
349,2617.5,-0.22974279619781193,-11.487139809890596
350,2625.0,-0.2340853074772629,-11.704265373863144
351,2632.5,-0.2329967267872279,-11.649836339361395
352,2640.0,-0.23281139366660053,-11.640569683330027
353,2647.5,-0.2291948651262285,-11.459743256311425
354,2655.0,-0.22859606112086897,-11.429803056043449
355,2662.5,-0.22699122585473036,-11.349561292736517
356,2670.0,-0.2265241238010961,-11.326206190054805
357,2677.5,-0.2288127529710681,-11.440637648553405
358,2685.0,-0.23185645361129129,-11.592822680564565
359,2692.5,-0.23123380434803567,-11.561690217401784
360,2700.0,-0.23457753628788713,-11.728876814394356
361,2707.5,-0.23394065328884125,-11.697032664442062
362,2715.0,-0.2307498221308006,-11.537491106540031
363,2722.5,-0.2325190640639621,-11.625953203198106
364,2730.0,-0.231806419660466,-11.5903209830233
365,2737.5,-0.23059716021378374,-11.529858010689187
366,2745.0,-0.22404488589917854,-11.202244294958927
367,2752.5,-0.22812085493473447,-11.406042746736723
368,2760.0,-0.22943583737697046,-11.471791868848523
369,2767.5,-0.2322819828805061,-11.614099144025305
370,2775.0,-0.2314763723833681,-11.573818619168405
371,2782.5,-0.23211532590191394,-11.605766295095696
372,2790.0,-0.231737977388777,-11.58689886943885
373,2797.5,-0.23318774100530854,-11.659387050265426
374,2805.0,-0.23003552984916523,-11.501776492458262
375,2812.5,-0.22582184843905806,-11.291092421952904
376,2820.0,-0.23203131024815113,-11.601565512407557
377,2827.5,-0.2321573016201399,-11.607865081006995
378,2835.0,-0.2276940670746614,-11.38470335373307
379,2842.5,-0.23285487699978583,-11.64274384998929
380,2850.0,-0.23089707531020698,-11.544853765510348
381,2857.5,-0.22939531753791711,-11.469765876895856
382,2865.0,-0.23414010238582125,-11.707005119291063
383,2872.5,-0.2321448418587238,-11.60724209293619
384,2880.0,-0.22608121097036715,-11.304060548518358
385,2887.5,-0.23005522118604932,-11.502761059302467
386,2895.0,-0.22040414094691718,-11.02020704734586
387,2902.5,-0.22151998205861062,-11.075999102930531
388,2910.0,-0.2248628236962618,-11.243141184813089
389,2917.5,-0.23292196150165806,-11.646098075082904
390,2925.0,-0.22641911955531302,-11.320955977765651
391,2932.5,-0.2319171821713503,-11.595859108567515
392,2940.0,-0.22996346780924082,-11.498173390462041
393,2947.5,-0.2219589022052887,-11.097945110264435
394,2955.0,-0.23001158431410842,-11.500579215705422
395,2962.5,-0.22896759449809095,-11.448379724904548
396,2970.0,-0.2281512952540871,-11.407564762704354
397,2977.5,-0.22862127202887447,-11.431063601443723
398,2985.0,-0.22840697581007627,-11.420348790503814
399,2992.5,-0.23042181317152963,-11.521090658576481
400,3000.0,-0.2285844980603378,-11.42922490301689
401,3007.5,-0.22729328548461283,-11.364664274230641
402,3015.0,-0.2297682318444044,-11.48841159222022
403,3022.5,-0.23032833763118757,-11.516416881559378
404,3030.0,-0.23010509314490374,-11.505254657245187
405,3037.5,-0.2309853720618117,-11.549268603090585
406,3045.0,-0.2309181496302316,-11.54590748151158
407,3052.5,-0.22793325753968094,-11.396662876984047
408,3060.0,-0.22591663313010601,-11.295831656505301
409,3067.5,-0.22919464868365255,-11.459732434182628
410,3075.0,-0.22567095132384532,-11.283547566192267
411,3082.5,-0.22793030684948265,-11.396515342474132
412,3090.0,-0.22745294559503004,-11.372647279751503
413,3097.5,-0.22697336912993502,-11.348668456496751
414,3105.0,-0.23040666910685156,-11.520333455342579
415,3112.5,-0.2304886218076958,-11.524431090384791
416,3120.0,-0.22862453760045431,-11.431226880022717
417,3127.5,-0.23139035007231673,-11.569517503615836
418,3135.0,-0.23255236481852432,-11.627618240926216
419,3142.5,-0.22851993010208782,-11.425996505104392
420,3150.0,-0.22632986004882602,-11.316493002441302
421,3157.5,-0.2332315273302487,-11.661576366512435
422,3165.0,-0.22613263440833786,-11.306631720416894
423,3172.5,-0.2261124903384558,-11.305624516922789
424,3180.0,-0.22376385235769966,-11.188192617884983
425,3187.5,-0.2217537912221131,-11.087689561105655
426,3195.0,-0.2286754159131784,-11.43377079565892
427,3202.5,-0.23160150736145035,-11.580075368072517
428,3210.0,-0.22542416643777968,-11.271208321888984
429,3217.5,-0.2218437463810211,-11.092187319051055
430,3225.0,-0.2231702785346946,-11.158513926734729
431,3232.5,-0.22841324935466703,-11.42066246773335
432,3240.0,-0.23214982654797278,-11.60749132739864
433,3247.5,-0.22395663100226879,-11.19783155011344
434,3255.0,-0.2262394603537152,-11.31197301768576
435,3262.5,-0.22520649151885963,-11.260324575942981
436,3270.0,-0.22285477875336862,-11.142738937668431
437,3277.5,-0.22775216462769154,-11.387608231384577
438,3285.0,-0.21998973514139242,-10.99948675706962
439,3292.5,-0.22239302891034468,-11.119651445517235
440,3300.0,-0.22176798126002734,-11.088399063001367
441,3307.5,-0.2218014505387335,-11.090072526936675
442,3315.0,-0.22596101946656666,-11.298050973328333
443,3322.5,-0.22228403303621352,-11.114201651810676
444,3330.0,-0.22307382966932704,-11.153691483466352
445,3337.5,-0.223617488469062,-11.1808744234531
446,3345.0,-0.22272083462927472,-11.136041731463736
447,3352.5,-0.22157068743345518,-11.07853437167276
448,3360.0,-0.22623313529258904,-11.311656764629452
449,3367.5,-0.2198588658577519,-10.992943292887595
450,3375.0,-0.21195112435277155,-10.597556217638578
451,3382.5,-0.2231404134176487,-11.157020670882435
452,3390.0,-0.22773759820248501,-11.38687991012425
453,3397.5,-0.2222525736867089,-11.112628684335444
454,3405.0,-0.22236685520179802,-11.1183427600899
455,3412.5,-0.22213432556284055,-11.106716278142027
456,3420.0,-0.22470358754494987,-11.235179377247494
457,3427.5,-0.22218664866896357,-11.109332433448179
458,3435.0,-0.2197816554322132,-10.98908277161066
459,3442.5,-0.21629834875458126,-10.814917437729063
460,3450.0,-0.22376723304685547,-11.188361652342774
461,3457.5,-0.21991871358146994,-10.995935679073497
462,3465.0,-0.22089811785955385,-11.044905892977692
463,3472.5,-0.22394393567008888,-11.197196783504443
464,3480.0,-0.2194396904540304,-10.97198452270152
465,3487.5,-0.2279439532160305,-11.397197660801526
466,3495.0,-0.22807803473350702,-11.403901736675351
467,3502.5,-0.22296614288183664,-11.148307144091833
468,3510.0,-0.21737604657663132,-10.868802328831565
469,3517.5,-0.22466074291537072,-11.233037145768536
470,3525.0,-0.22786175303483197,-11.393087651741599
471,3532.5,-0.22471674058515914,-11.235837029257958
472,3540.0,-0.21783660604005803,-10.891830302002901
473,3547.5,-0.2217238593043612,-11.08619296521806
474,3555.0,-0.21946415798689095,-10.973207899344548
475,3562.5,-0.2147401584358473,-10.737007921792365
476,3570.0,-0.22335127392811568,-11.167563696405784
477,3577.5,-0.22178941172459857,-11.089470586229929
478,3585.0,-0.21418789976370323,-10.709394988185162
479,3592.5,-0.21786164462443033,-10.893082231221516
480,3600.0,-0.21795501761242808,-10.897750880621404
481,3607.5,-0.22335852686828936,-11.167926343414468
482,3615.0,-0.21750040696875694,-10.875020348437847
483,3622.5,-0.22168927027090995,-11.084463513545497
484,3630.0,-0.218516934792434,-10.9258467396217
485,3637.5,-0.21796221818334766,-10.898110909167382
486,3645.0,-0.21908278778412488,-10.954139389206244
487,3652.5,-0.2226984150649325,-11.134920753246625
488,3660.0,-0.2128054729198116,-10.64027364599058
489,3667.5,-0.211791933267984,-10.5895966633992
490,3675.0,-0.21331956205023853,-10.665978102511927
491,3682.5,-0.21871819657180214,-10.935909828590107
492,3690.0,-0.2219912085275036,-11.099560426375179
493,3697.5,-0.2197746346834831,-10.988731734174156
494,3705.0,-0.2142770280428671,-10.713851402143355
495,3712.5,-0.21529543233702772,-10.764771616851386
496,3720.0,-0.21312699377327118,-10.656349688663559
497,3727.5,-0.215557830508205,-10.77789152541025
498,3735.0,-0.21871978585639337,-10.935989292819668
499,3742.5,-0.22137013584107976,-11.068506792053988
500,3750.0,-0.21764669000978049,-10.882334500489025
501,3757.5,-0.21512995766938703,-10.75649788346935
502,3765.0,-0.2169547283591235,-10.847736417956174
503,3772.5,-0.2164602407895536,-10.82301203947768
504,3780.0,-0.2153811661396815,-10.769058306984075
505,3787.5,-0.22040487796398125,-11.020243898199062
506,3795.0,-0.21910506485493605,-10.955253242746803
507,3802.5,-0.2150488794974849,-10.752443974874245
508,3810.0,-0.2211230177972874,-11.056150889864371
509,3817.5,-0.21492158530925015,-10.746079265462507
510,3825.0,-0.20833736216711607,-10.416868108355803
511,3832.5,-0.21263284287031126,-10.631642143515563
512,3840.0,-0.21300193490203476,-10.650096745101738
513,3847.5,-0.2115114884380248,-10.57557442190124
514,3855.0,-0.21276117136217415,-10.638058568108708
515,3862.5,-0.21254086200035385,-10.627043100017692
516,3870.0,-0.20763749960991584,-10.381874980495793
517,3877.5,-0.21249348875527468,-10.624674437763733
518,3885.0,-0.2192816856163584,-10.964084280817922
519,3892.5,-0.2118466072836107,-10.592330364180535
520,3900.0,-0.2125210810752746,-10.62605405376373
521,3907.5,-0.20861722129255303,-10.430861064627651
522,3915.0,-0.21026607559089505,-10.513303779544753
523,3922.5,-0.2121439928350197,-10.607199641750984
524,3930.0,-0.21405520275282094,-10.702760137641047
525,3937.5,-0.2110782571972921,-10.553912859864605
526,3945.0,-0.2140148111003036,-10.70074055501518
527,3952.5,-0.21524069028666956,-10.762034514333479
528,3960.0,-0.21037869110669075,-10.518934555334537
529,3967.5,-0.2045331317430909,-10.226656587154546
530,3975.0,-0.21529513232753184,-10.76475661637659
531,3982.5,-0.21740316786899028,-10.870158393449515
532,3990.0,-0.20912247501921033,-10.456123750960517
533,3997.5,-0.21292231383072643,-10.646115691536322
534,4005.0,-0.21321363460242,-10.660681730120999
535,4012.5,-0.21213664693908005,-10.606832346954002
536,4020.0,-0.21095480998754998,-10.547740499377499
537,4027.5,-0.203024156519805,-10.15120782599025
538,4035.0,-0.2091128744990795,-10.455643724953974
539,4042.5,-0.2041300896737452,-10.20650448368726
540,4050.0,-0.20357003555975445,-10.178501777987723
541,4057.5,-0.20670536767397102,-10.335268383698551
542,4065.0,-0.20655770987859173,-10.327885493929587
543,4072.5,-0.20756024432595155,-10.378012216297577
544,4080.0,-0.20553001087586223,-10.276500543793112
545,4087.5,-0.2041306403087434,-10.206532015437169
546,4095.0,-0.20439136667059482,-10.219568333529741
547,4102.5,-0.20559830435860532,-10.279915217930267
548,4110.0,-0.20293379260567493,-10.146689630283747
549,4117.5,-0.20080619481538042,-10.040309740769022
550,4125.0,-0.2117198938566794,-10.58599469283397
551,4132.5,-0.20873958751375052,-10.436979375687526
552,4140.0,-0.205789647614343,-10.28948238071715
553,4147.5,-0.19921049738999508,-9.960524869499753
554,4155.0,-0.1920236809272832,-9.60118404636416
555,4162.5,-0.20575832226805119,-10.28791611340256
556,4170.0,-0.20679862549419206,-10.339931274709603
557,4177.5,-0.19480704804143076,-9.740352402071538
558,4185.0,-0.20248591901503743,-10.124295950751872
559,4192.5,-0.20644897297749537,-10.322448648874769
560,4200.0,-0.20140699219881228,-10.070349609940614
561,4207.5,-0.21345809833045148,-10.672904916522574
562,4215.0,-0.2098974756381333,-10.494873781906664
563,4222.5,-0.20090584143661944,-10.045292071830971
564,4230.0,-0.19976647767038763,-9.988323883519381
565,4237.5,-0.2028595889813508,-10.142979449067541
566,4245.0,-0.19748760151840924,-9.874380075920461
567,4252.5,-0.20164984977015285,-10.082492488507642
568,4260.0,-0.20436540727316,-10.218270363658
569,4267.5,-0.1933279274989299,-9.666396374946496
570,4275.0,-0.20070300978192404,-10.035150489096202
571,4282.5,-0.19899122612419928,-9.949561306209965
572,4290.0,-0.19903616170848404,-9.951808085424203
573,4297.5,-0.2021985936676465,-10.109929683382326
574,4305.0,-0.20102067659994008,-10.051033829997005
575,4312.5,-0.19630674912332333,-9.815337456166166
576,4320.0,-0.19318566565552284,-9.659283282776142
577,4327.5,-0.1953929269188537,-9.769646345942686
578,4335.0,-0.19476924219160413,-9.738462109580206
579,4342.5,-0.204627155935808,-10.2313577967904
580,4350.0,-0.19494755021567586,-9.747377510783792
581,4357.5,-0.19576031634664304,-9.788015817332152
582,4365.0,-0.2002058829394394,-10.010294146971969
583,4372.5,-0.19505523459437338,-9.752761729718669
584,4380.0,-0.2005462444443344,-10.02731222221672
585,4387.5,-0.19853221179756173,-9.926610589878086
586,4395.0,-0.19550738232411452,-9.775369116205725
587,4402.5,-0.1963429654535682,-9.81714827267841
588,4410.0,-0.20112914735715828,-10.056457367857915
589,4417.5,-0.19873784909668668,-9.936892454834334
590,4425.0,-0.18991828723379797,-9.495914361689898
591,4432.5,-0.19263724692830453,-9.631862346415227
592,4440.0,-0.19403732770227208,-9.701866385113604
593,4447.5,-0.1904398235044751,-9.521991175223755
594,4455.0,-0.19830430357713205,-9.915215178856602
595,4462.5,-0.19083432468890524,-9.541716234445262
596,4470.0,-0.1833782240132587,-9.168911200662935
597,4477.5,-0.1954038003402067,-9.770190017010336
598,4485.0,-0.19948377760403,-9.974188880201499
599,4492.5,-0.1882128169272009,-9.410640846360046
600,4500.0,-0.18744010180134496,-9.372005090067248
601,4507.5,-0.18734701032264875,-9.367350516132438
602,4515.0,-0.1910537946095862,-9.55268973047931
603,4522.5,-0.1867038600229053,-9.335193001145264
604,4530.0,-0.18752679086701296,-9.376339543350648
605,4537.5,-0.1898705405297937,-9.493527026489685
606,4545.0,-0.1869964976587229,-9.349824882936145
607,4552.5,-0.1915872912332295,-9.579364561661476
608,4560.0,-0.1827909433822182,-9.13954716911091
609,4567.5,-0.19286309562025908,-9.643154781012955
610,4575.0,-0.20089703710459306,-10.044851855229652
611,4582.5,-0.18548164560571354,-9.274082280285677
612,4590.0,-0.18248930792215318,-9.12446539610766
613,4597.5,-0.194023130419705,-9.70115652098525
614,4605.0,-0.18672571734985347,-9.336285867492673
615,4612.5,-0.18240968703027827,-9.120484351513912
616,4620.0,-0.18335704954986093,-9.167852477493046
617,4627.5,-0.1801125775444332,-9.005628877221659
618,4635.0,-0.18433675488984216,-9.216837744492109
619,4642.5,-0.18602846878282578,-9.301423439141288
620,4650.0,-0.17966897676867383,-8.983448838433691
621,4657.5,-0.18073045059968612,-9.036522529984307
622,4665.0,-0.18370933591978958,-9.185466795989479
623,4672.5,-0.19044060913455974,-9.522030456727986
624,4680.0,-0.1770073574748774,-8.85036787374387
625,4687.5,-0.18054352887611094,-9.027176443805548
626,4695.0,-0.1895808301293362,-9.479041506466809
627,4702.5,-0.17795631780019866,-8.897815890009934
628,4710.0,-0.1776076818444302,-8.88038409222151
629,4717.5,-0.18181149263885918,-9.090574631942959
630,4725.0,-0.1858847651628923,-9.294238258144615
631,4732.5,-0.1811234615425577,-9.056173077127886
632,4740.0,-0.17992750517481587,-8.996375258740793
633,4747.5,-0.1765662577022909,-8.828312885114546
634,4755.0,-0.17418556123851384,-8.709278061925692
635,4762.5,-0.17299772812014036,-8.649886406007019
636,4770.0,-0.17610479815361832,-8.805239907680916
637,4777.5,-0.1773250520331968,-8.86625260165984
638,4785.0,-0.17709289441319598,-8.854644720659799
639,4792.5,-0.1716714624444354,-8.58357312222177
640,4800.0,-0.17687204017148145,-8.843602008574072
641,4807.5,-0.18363598179705307,-9.181799089852653
642,4815.0,-0.17009936830938532,-8.504968415469266
643,4822.5,-0.17238057598247408,-8.619028799123704
644,4830.0,-0.17445745263514373,-8.722872631757186
645,4837.5,-0.16863496131374595,-8.431748065687298
646,4845.0,-0.1703136148077163,-8.515680740385816
647,4852.5,-0.17535289950565586,-8.767644975282792
648,4860.0,-0.17511628349069497,-8.755814174534748
649,4867.5,-0.17777489335304839,-8.88874466765242
650,4875.0,-0.17501775163025288,-8.750887581512643
651,4882.5,-0.168705257851345,-8.43526289256725
652,4890.0,-0.17341107847216988,-8.670553923608495
653,4897.5,-0.17266835152612897,-8.63341757630645
654,4905.0,-0.1740652926877568,-8.70326463438784
655,4912.5,-0.17168033726883117,-8.584016863441558
656,4920.0,-0.17756383781840715,-8.878191890920357
657,4927.5,-0.17565110249673543,-8.782555124836772
658,4935.0,-0.1704408627692142,-8.52204313846071
659,4942.5,-0.1731194539012869,-8.655972695064346
660,4950.0,-0.1671795572826984,-8.35897786413492
661,4957.5,-0.17109855515575947,-8.554927757787974
662,4965.0,-0.16442495580400884,-8.221247790200442
663,4972.5,-0.16971139102919816,-8.485569551459909
664,4980.0,-0.1681873343752105,-8.409366718760525
665,4987.5,-0.16427105323423455,-8.213552661711727
666,4995.0,-0.1699952371185858,-8.49976185592929
667,5002.5,-0.1682007186330892,-8.410035931654459
668,5010.0,-0.16679408749760458,-8.33970437488023
669,5017.5,-0.16310361013922078,-8.15518050696104
670,5025.0,-0.16551523348842132,-8.275761674421066
671,5032.5,-0.16940535467344045,-8.470267733672022
672,5040.0,-0.1694190397433708,-8.47095198716854
673,5047.5,-0.16943365939092367,-8.471682969546183
674,5055.0,-0.163326002751083,-8.166300137554149
675,5062.5,-0.16604600279486367,-8.302300139743183
676,5070.0,-0.16605227859181665,-8.302613929590832
677,5077.5,-0.16254139000325524,-8.127069500162762
678,5085.0,-0.15564533522545107,-7.782266761272553
679,5092.5,-0.160335192366263,-8.01675961831315
680,5100.0,-0.16384324603289535,-8.192162301644768
681,5107.5,-0.15506751736851548,-7.753375868425774
682,5115.0,-0.16319173893149855,-8.159586946574928
683,5122.5,-0.16253521202334004,-8.126760601167001
684,5130.0,-0.16056306890977895,-8.028153445488947
685,5137.5,-0.16121807771246646,-8.060903885623324
686,5145.0,-0.16616693534765067,-8.308346767382533
687,5152.5,-0.1585802896244328,-7.92901448122164
688,5160.0,-0.15752350625523667,-7.876175312761833
689,5167.5,-0.1700783510113604,-8.503917550568021
690,5175.0,-0.16243565768851356,-8.121782884425679
691,5182.5,-0.15842570812849743,-7.921285406424872
692,5190.0,-0.15186077674867185,-7.593038837433593
693,5197.5,-0.15157794608806993,-7.578897304403497
694,5205.0,-0.15220536176298724,-7.610268088149362
695,5212.5,-0.15534569567002157,-7.767284783501078
696,5220.0,-0.16004211487399986,-8.002105743699993
697,5227.5,-0.155060677482466,-7.753033874123299
698,5235.0,-0.15385157600413032,-7.692578800206516
699,5242.5,-0.1535733773118543,-7.678668865592715
700,5250.0,-0.15316120261904562,-7.658060130952281
701,5257.5,-0.15221403727422805,-7.610701863711403
702,5265.0,-0.15113253907301769,-7.556626953650884
703,5272.5,-0.15285965645307878,-7.642982822653939
704,5280.0,-0.153526207115709,-7.67631035578545
705,5287.5,-0.14251249491137225,-7.125624745568612
706,5295.0,-0.14825904978235663,-7.412952489117831
707,5302.5,-0.1446582161941019,-7.232910809705095
708,5310.0,-0.15737971082338725,-7.868985541169363
709,5317.5,-0.1464566646851177,-7.322833234255885
710,5325.0,-0.15419310839138853,-7.709655419569426
711,5332.5,-0.15350119058153236,-7.675059529076618
712,5340.0,-0.15005397900905318,-7.502698950452659
713,5347.5,-0.13905180818988527,-6.952590409494263
714,5355.0,-0.14634647248607685,-7.317323624303842
715,5362.5,-0.14632728985181764,-7.316364492590882
716,5370.0,-0.1414496402000418,-7.072482010002091
717,5377.5,-0.14370630182479827,-7.1853150912399135
718,5385.0,-0.149593839442906,-7.4796919721453
719,5392.5,-0.1483351804785031,-7.416759023925155
720,5400.0,-0.1458319662616473,-7.291598313082365
721,5407.5,-0.1528388908841945,-7.641944544209725
722,5415.0,-0.14469630025625715,-7.234815012812858
723,5422.5,-0.1484512625490413,-7.422563127452066
724,5430.0,-0.14802477164835293,-7.401238582417646
725,5437.5,-0.1411914106420926,-7.05957053210463
726,5445.0,-0.13761186130742378,-6.8805930653711895
727,5452.5,-0.14197549513261032,-7.098774756630516
728,5460.0,-0.1456024263752687,-7.2801213187634355
729,5467.5,-0.1393004993336411,-6.965024966682056
730,5475.0,-0.14346603459152835,-7.173301729576417
731,5482.5,-0.13883413552525475,-6.941706776262738
732,5490.0,-0.14076457137263523,-7.038228568631761
733,5497.5,-0.14514868383801485,-7.257434191900742
734,5505.0,-0.1452896968577836,-7.264484842889179
735,5512.5,-0.1419920591772306,-7.09960295886153
736,5520.0,-0.13578102190034655,-6.789051095017327
737,5527.5,-0.13173994475779136,-6.586997237889568
738,5535.0,-0.12531826269171678,-6.265913134585839
739,5542.5,-0.13318362240981899,-6.659181120490949
740,5550.0,-0.1363767299408964,-6.81883649704482
741,5557.5,-0.13353706349292346,-6.6768531746461734
742,5565.0,-0.14354649663570862,-7.177324831785431
743,5572.5,-0.13946918719261642,-6.973459359630821
744,5580.0,-0.12827616315272913,-6.413808157636456
745,5587.5,-0.13144528829718652,-6.572264414859326
746,5595.0,-0.12832997539607674,-6.416498769803837
747,5602.5,-0.14178930235185938,-7.089465117592969
748,5610.0,-0.12615706448578054,-6.307853224289027
749,5617.5,-0.14016519451353948,-7.008259725676974
750,5625.0,-0.13416658560818762,-6.708329280409381
751,5632.5,-0.13184027995044934,-6.592013997522467
752,5640.0,-0.1323926694673054,-6.61963347336527
753,5647.5,-0.13882758562439518,-6.941379281219759
754,5655.0,-0.1291760667733506,-6.458803338667531
755,5662.5,-0.12929078056163296,-6.4645390280816475
756,5670.0,-0.12753723019415306,-6.376861509707653
757,5677.5,-0.12635798468940138,-6.317899234470069
758,5685.0,-0.12262026042876341,-6.131013021438171
759,5692.5,-0.12271749235291281,-6.135874617645641
760,5700.0,-0.1321034746396372,-6.60517373198186
761,5707.5,-0.12943446058189376,-6.471723029094687
762,5715.0,-0.12345166724032572,-6.172583362016286
763,5722.5,-0.13028272192881837,-6.514136096440919
764,5730.0,-0.12952531703761833,-6.476265851880917
765,5737.5,-0.12596640541645554,-6.298320270822777
766,5745.0,-0.1238907289414455,-6.194536447072275
767,5752.5,-0.122983499499297,-6.1491749749648505
768,5760.0,-0.12091269006509607,-6.045634503254804
769,5767.5,-0.11870307328096166,-5.935153664048083
770,5775.0,-0.1208375105155668,-6.04187552577834
771,5782.5,-0.1288294877928325,-6.441474389641624
772,5790.0,-0.11669159558090542,-5.834579779045271
773,5797.5,-0.12058568850278267,-6.029284425139133
774,5805.0,-0.11573045662295692,-5.786522831147846
775,5812.5,-0.11409212195359561,-5.704606097679781
776,5820.0,-0.12347624035389232,-6.173812017694616
777,5827.5,-0.1088223140328488,-5.44111570164244
778,5835.0,-0.12028166297904794,-6.0140831489523965
779,5842.5,-0.11215101819581068,-5.607550909790534
780,5850.0,-0.10920820034771654,-5.460410017385827
781,5857.5,-0.11869902838298473,-5.934951419149236
782,5865.0,-0.10894654846623043,-5.447327423311521
783,5872.5,-0.11092658754293351,-5.546329377146676
784,5880.0,-0.1239602307738595,-6.198011538692975
785,5887.5,-0.11009315080646534,-5.504657540323267
786,5895.0,-0.1158422934764609,-5.792114673823045
787,5902.5,-0.11777958792517812,-5.888979396258906
788,5910.0,-0.1061288440900699,-5.306442204503495
789,5917.5,-0.11258256032843358,-5.629128016421679
790,5925.0,-0.11209393945425289,-5.604696972712644
791,5932.5,-0.1146282315154949,-5.731411575774745
792,5940.0,-0.11875144599842118,-5.937572299921059
793,5947.5,-0.11350213451613882,-5.675106725806941
794,5955.0,-0.12154562581938866,-6.077281290969433
795,5962.5,-0.11824005701604627,-5.912002850802313
796,5970.0,-0.10673727684212089,-5.336863842106045
797,5977.5,-0.10910605925418763,-5.455302962709382
798,5985.0,-0.10998215814610121,-5.499107907305061
799,5992.5,-0.10660039769488873,-5.330019884744437
800,6000.0,-0.10324282775130826,-5.162141387565413
801,6007.5,-0.11897691011820828,-5.948845505910414
802,6015.0,-0.10877185946945189,-5.438592973472595
803,6022.5,-0.10536506414820161,-5.268253207410081
804,6030.0,-0.09719984537356385,-4.859992268678193
805,6037.5,-0.0974320925573111,-4.871604627865555
806,6045.0,-0.10508889503075637,-5.254444751537819
807,6052.5,-0.10366668298883673,-5.183334149441836
808,6060.0,-0.10547626353183234,-5.273813176591617
809,6067.5,-0.10404700426244837,-5.202350213122418
810,6075.0,-0.10308078104980874,-5.154039052490437
811,6082.5,-0.10459415069804803,-5.229707534902402
812,6090.0,-0.09868911768550699,-4.93445588427535
813,6097.5,-0.10437075985594717,-5.2185379927973585
814,6105.0,-0.10230438234611884,-5.1152191173059425
815,6112.5,-0.09335226828974179,-4.667613414487089
816,6120.0,-0.09192943246842307,-4.596471623421153
817,6127.5,-0.09246996933751171,-4.623498466875586
818,6135.0,-0.09685386726838853,-4.842693363419427
819,6142.5,-0.0964959640063869,-4.824798200319345
820,6150.0,-0.09910257407842774,-4.955128703921387
821,6157.5,-0.10543583943553969,-5.2717919717769846
822,6165.0,-0.10316319327447403,-5.158159663723701
823,6172.5,-0.09851586160659301,-4.92579308032965
824,6180.0,-0.09051549637503485,-4.525774818751742
825,6187.5,-0.09278120968064278,-4.639060484032139
826,6195.0,-0.10161929172989093,-5.080964586494546
827,6202.5,-0.08511755888618695,-4.255877944309348
828,6210.0,-0.08858066533000415,-4.429033266500207
829,6217.5,-0.09148513224385975,-4.574256612192987
830,6225.0,-0.08737677244233752,-4.368838622116876
831,6232.5,-0.09424304059850891,-4.712152029925446
832,6240.0,-0.09613095232725702,-4.806547616362851
833,6247.5,-0.09561528712802331,-4.780764356401165
834,6255.0,-0.09606951516198596,-4.803475758099298
835,6262.5,-0.09168722201573991,-4.584361100786995
836,6270.0,-0.08389891667944037,-4.194945833972018
837,6277.5,-0.09338309340266386,-4.669154670133193
838,6285.0,-0.08081345743442653,-4.040672871721326
839,6292.5,-0.09299325217904149,-4.649662608952075
840,6300.0,-0.08826978969720498,-4.413489484860249
841,6307.5,-0.09922563127627115,-4.961281563813557
842,6315.0,-0.09389066164050863,-4.694533082025432
843,6322.5,-0.08032578012636576,-4.016289006318289
844,6330.0,-0.07775122556552268,-3.887561278276134
845,6337.5,-0.08953241154762107,-4.476620577381054
846,6345.0,-0.0857493593411919,-4.287467967059595
847,6352.5,-0.07960400227717158,-3.9802001138585794
848,6360.0,-0.08194390798938,-4.097195399469
849,6367.5,-0.08060636985101216,-4.030318492550608
850,6375.0,-0.08921364622822302,-4.4606823114111505
851,6382.5,-0.08163137851251773,-4.081568925625886
852,6390.0,-0.07547771792482985,-3.7738858962414925
853,6397.5,-0.09031159536798275,-4.515579768399138
854,6405.0,-0.07856460719462091,-3.9282303597310455
855,6412.5,-0.07115106740956557,-3.5575533704782787
856,6420.0,-0.0792744287784096,-3.9637214389204796
857,6427.5,-0.07613522424166086,-3.806761212083043
858,6435.0,-0.07787001636355269,-3.8935008181776345
859,6442.5,-0.07831248677355077,-3.9156243386775382
860,6450.0,-0.07859518496649448,-3.929759248324724
861,6457.5,-0.0795440496384602,-3.9772024819230105
862,6465.0,-0.07504907364002335,-3.7524536820011676
863,6472.5,-0.06931044041474263,-3.4655220207371316
864,6480.0,-0.07151055089776652,-3.575527544888326
865,6487.5,-0.07705194444610562,-3.852597222305281
866,6495.0,-0.07468351246332204,-3.734175623166102
867,6502.5,-0.06198108734383309,-3.0990543671916546
868,6510.0,-0.06915013241535821,-3.4575066207679104
869,6517.5,-0.06892593357242331,-3.4462966786211657
870,6525.0,-0.06414709301658704,-3.207354650829352
871,6532.5,-0.06749414138747067,-3.3747070693735335
872,6540.0,-0.07040599192124797,-3.520299596062398
873,6547.5,-0.07777906966009566,-3.888953483004783
874,6555.0,-0.06501101245477117,-3.2505506227385585
875,6562.5,-0.06298167000746412,-3.1490835003732056
876,6570.0,-0.0724015871384716,-3.62007935692358
877,6577.5,-0.07253195640937525,-3.6265978204687626
878,6585.0,-0.06776321992462965,-3.3881609962314827
879,6592.5,-0.07024514896822172,-3.512257448411086
880,6600.0,-0.061166551156878066,-3.0583275578439033
881,6607.5,-0.07016371418779811,-3.5081857093899056
882,6615.0,-0.06487130716919237,-3.2435653584596187
883,6622.5,-0.06364229232847898,-3.182114616423949
884,6630.0,-0.06714169526166008,-3.3570847630830043
885,6637.5,-0.06778264096492218,-3.389132048246109
886,6645.0,-0.060620610723326133,-3.031030536166307
887,6652.5,-0.0625842240678886,-3.1292112033944304
888,6660.0,-0.06577389053180134,-3.288694526590067
889,6667.5,-0.05909912150438321,-2.954956075219161
890,6675.0,-0.06881646982899041,-3.4408234914495206
891,6682.5,-0.05645700708754113,-2.8228503543770564
892,6690.0,-0.06148125745291954,-3.074062872645977
893,6697.5,-0.06126203479049224,-3.063101739524612
894,6705.0,-0.05041269617087085,-2.5206348085435426
895,6712.5,-0.04295596131046748,-2.147798065523374
896,6720.0,-0.0507612843423786,-2.5380642171189303
897,6727.5,-0.04571108878495335,-2.2855544392476674
898,6735.0,-0.059999511203814845,-2.9999755601907423
899,6742.5,-0.061875660479722795,-3.09378302398614
900,6750.0,-0.05166296471648501,-2.5831482358242503
901,6757.5,-0.05639777852905934,-2.819888926452967
902,6765.0,-0.06265624215382004,-3.1328121076910023
903,6772.5,-0.05682334555719024,-2.8411672778595123
904,6780.0,-0.051929780737830805,-2.59648903689154
905,6787.5,-0.04624368548693626,-2.312184274346813
906,6795.0,-0.0504382036489749,-2.521910182448745
907,6802.5,-0.04848945555206944,-2.424472777603472
908,6810.0,-0.05292776898301655,-2.6463884491508276
909,6817.5,-0.06502523648036641,-3.2512618240183206
910,6825.0,-0.05529947198055983,-2.7649735990279916
911,6832.5,-0.05225983680808248,-2.612991840404124
912,6840.0,-0.05451327950611956,-2.725663975305978
913,6847.5,-0.04726475536374816,-2.363237768187408
914,6855.0,-0.038115704360550444,-1.905785218027522
915,6862.5,-0.04575788253578503,-2.287894126789251
916,6870.0,-0.04051366440276068,-2.025683220138034
917,6877.5,-0.036346575574756054,-1.8173287787378027
918,6885.0,-0.0345703062476042,-1.7285153123802102
919,6892.5,-0.04308133094051914,-2.1540665470259572
920,6900.0,-0.041103580958346646,-2.055179047917332
921,6907.5,-0.03757410625253604,-1.8787053126268018
922,6915.0,-0.03663941601728522,-1.8319708008642612
923,6922.5,-0.016851543066235024,-0.8425771533117512
924,6930.0,-0.037883464189573585,-1.8941732094786792
925,6937.5,-0.02718752914620804,-1.3593764573104021
926,6945.0,-0.015824769057800222,-0.791238452890011
927,6952.5,-0.021794683274943043,-1.089734163747152
928,6960.0,-0.009267849478180974,-0.4633924739090487
929,6967.5,-0.011869457700058605,-0.5934728850029303
930,6975.0,-0.005152923437418118,-0.2576461718709059
931,6982.5,-0.028009435609217082,-1.4004717804608542
932,6990.0,-0.03561389236436815,-1.7806946182184074
933,6997.5,-0.02032734811717469,-1.0163674058587344
934,7005.0,-0.022603346224165592,-1.1301673112082795
935,7012.5,-0.009624002387321159,-0.48120011936605794
936,7020.0,-0.008348648637820701,-0.41743243189103507
937,7027.5,-0.01873640067944036,-0.936820033972018
938,7035.0,-0.033476602720789755,-1.6738301360394878
939,7042.5,-0.022839072488717724,-1.1419536244358863
940,7050.0,-0.031211614327563215,-1.5605807163781606
941,7057.5,-0.025470321693469716,-1.2735160846734859
942,7065.0,-0.026632364594051418,-1.331618229702571
943,7072.5,-0.035940037841572396,-1.7970018920786197
944,7080.0,-0.0381101548558457,-1.905507742792285
945,7087.5,-0.029657584892746596,-1.4828792446373298
946,7095.0,-0.02368554357114868,-1.184277178557434
947,7102.5,-0.03540993620281503,-1.7704968101407517
948,7110.0,-0.04556254280351608,-2.278127140175804
949,7117.5,-0.030719258391899432,-1.5359629195949716
950,7125.0,-0.01930434198620539,-0.9652170993102696
951,7132.5,-0.022799385005581683,-1.1399692502790841
952,7140.0,-0.0230933908691939,-1.154669543459695
953,7147.5,-0.035963280473659605,-1.7981640236829803
954,7155.0,-0.019717923485308556,-0.9858961742654277
955,7162.5,-0.010077094288806963,-0.5038547144403481
956,7170.0,-0.021026069909714416,-1.0513034954857208
957,7177.5,-0.02278680555844597,-1.1393402779222985
958,7185.0,-0.02997034827796298,-1.498517413898149
959,7192.5,-0.01792692579620471,-0.8963462898102355
960,7200.0,-0.012813458055439436,-0.6406729027719718
961,7207.5,-0.02090674429854555,-1.0453372149272775
962,7215.0,-0.02643839555302226,-1.321919777651113
963,7222.5,-0.02715479174395843,-1.3577395871979214
964,7230.0,-0.01558967481766958,-0.7794837408834789
965,7237.5,-0.022746882425101225,-1.1373441212550612
966,7245.0,-0.027245880040956013,-1.3622940020478007
967,7252.5,-0.012464953756618867,-0.6232476878309434
968,7260.0,-0.017001003657884026,-0.8500501828942013
969,7267.5,-0.010680999565891879,-0.5340499782945939
