,00:02:05,00:03:06,00:04:07,00:05:07
7.5,0.0,0.0,0.0,0.0
15.0,0.0,0.0,0.0,0.0
22.5,0.0,0.0,0.0,0.0
30.0,0.0,0.0,0.0,0.0
37.5,0.0,0.0,0.0,0.0
45.0,0.0,0.0,0.0,0.0
52.5,0.0,0.0,0.0,0.0
60.0,0.0,0.0,0.0,0.0
67.5,0.0,0.0,0.0,0.0
75.0,0.0,0.0,0.0,0.0
82.5,0.0,0.0,0.0,0.0
90.0,0.0,0.0,0.0,0.0
97.5,0.0,0.0,0.0,0.0
105.0,0.0,0.0,0.0,0.0
112.5,0.0,0.0,0.0,0.0
120.0,0.0,0.0,0.0,0.0
127.5,0.0,0.0,0.0,0.0
135.0,0.0,0.0,0.0,0.0
142.5,0.0,0.0,0.0,0.0
150.0,0.0,0.0,0.0,0.0
157.5,0.0,0.0,0.0,0.0
165.0,0.0,0.0,0.0,0.0
172.5,0.0,0.0,0.0,0.0
180.0,0.0,0.0,0.0,0.0
187.5,0.0,0.0,0.0,0.0
195.0,0.0,0.0,0.0,0.010769127180039435
202.5,0.0,0.0,0.0,0.024309536412762005
210.0,0.0,0.0,0.0,0.038074927512115185
217.5,0.0,0.0,0.0,0.051970070185893405
225.0,0.0,0.0,0.0,0.06433553213639244
232.5,0.0,0.0,0.003224376456251938,0.07478634042294088
240.0,0.0,0.0,0.006169211284098804,0.08363590202321577
247.5,0.0,0.0,0.008322474051551903,0.08847113903434581
255.0,0.0,0.0,0.009709291019864166,0.0907939841447234
262.5,0.0,0.0,0.00849651968128741,0.0919770098338946
270.0,0.0,0.0,0.007954039679103464,0.09161146495969763
277.5,0.0,0.0,0.007873183879920018,0.0927770115741198
285.0,0.0,0.0,0.006753479727840902,0.09187655566141831
292.5,0.0,0.0,0.00702271406558568,0.09059620193254295
300.0,0.0,0.0,0.006314220172617213,0.08951851380769216
307.5,0.0,0.0,0.004470181166461938,0.08715041399923543
315.0,0.0,0.0,0.00263168039664994,0.0868292579056905
322.5,0.0,0.0,0.0019550584185086452,0.08584178845268534
330.0,0.0,0.0,0.0017460658197813572,0.08489696216264732
337.5,0.0,0.0,0.00134969646940028,0.08730817332812606
345.0,0.0,0.0,0.0019954775174642206,0.0865679392934263
352.5,0.0,0.0,0.0029781426040102364,0.09029471093453448
360.0,0.0,0.0,0.003829237907685976,0.10092642226412894
367.5,0.0,0.0,0.0028713634770296268,0.10280541569316312
375.0,0.0,0.0,0.003926796679760982,0.09788437542159074
382.5,0.0,0.0,0.006760070028556317,0.09354369815451231
390.0,0.0,0.0,0.007922199740496868,0.10669975220189441
397.5,0.0,0.0,0.00808940094810911,0.19229468731230026
405.0,0.0,0.0,0.010940113082507892,0.32737074552111034
412.5,0.0,0.0,0.02745801654355571,0.39607758127260445
420.0,0.0,0.0,0.05752109166541485,0.3894646658741314
427.5,0.0,0.0,0.08452198404870813,0.39688132576917784
435.0,0.0,0.0,0.08159845573853212,0.3633812542650802
442.5,0.0,0.0,0.0876491415354699,0.32091316516615614
450.0,0.0,0.0,0.11831382200363834,0.30600475299111163
457.5,0.0,0.0,0.1613701256736763,0.26132376088538445
465.0,0.0,0.0,0.22155446600904183,0.26854982058479016
472.5,0.0,0.0,0.28684693213033013,0.2522201241954167
480.0,0.0,0.0,0.3919001659372558,0.22293906376513498
487.5,0.0,0.0,0.5297433571535404,0.2784105241077391
495.0,0.0,0.0,0.5728968970731718,0.30145252666798156
502.5,0.0,0.0,0.5626017226083465,0.34666205216447127
510.0,0.0,0.0,0.5528433367817733,0.39849365962028477
517.5,0.0,0.0,0.510157863984453,0.5586233446131371
525.0,0.0,0.0,0.47276277060747585,0.6278050013518631
532.5,0.0,0.0,0.44354739953188715,0.7370334128338438
540.0,0.0,0.0,0.419570347501572,0.8665850526793625
547.5,0.0,0.0,0.4416007871396515,1.0033245455712052
555.0,0.0,0.0,0.512000167770396,1.172635553418961
562.5,0.0,0.0,0.518322084214449,1.220423675089929
570.0,0.0,0.0,0.5351744560439887,1.3541763028710512
577.5,0.0,0.0,0.44320134362843877,1.6209482143170113
585.0,0.0,0.0,0.3431540024251997,1.7444660534959908
592.5,0.0,0.0,0.2593005738838779,1.6986830595471627
600.0,0.0,0.0,0.1915890835318344,1.628309281659816
607.5,0.0,0.0,0.13308959580787977,1.4799788981525108
615.0,0.0,0.0,0.10190417293865467,1.1896872510544563
622.5,0.0,0.0,0.08330741351940105,0.9855399703586497
630.0,0.0,0.0,0.06949900444247402,0.7153715279185273
637.5,0.0,0.0,0.04852353287298087,0.5005291440963661
645.0,0.0,0.0,0.10003711526677028,0.35599183234951604
652.5,0.0,0.0,0.1522736329148012,0.06671411552947766
660.0,0.0,0.0,0.137132393189959,0.05756438628355899
667.5,0.0,0.0,0.10310308517570561,0.038458195584378144
675.0,0.0,0.0,0.10129574978312379,0.02878698777939308
682.5,0.0,0.0,0.0886013250539888,0.009253097070690032
690.0,0.0,0.0,0.057913082806443736,0.00450690882981141
697.5,0.0,0.0,0.04709753355465457,0.0030694221682068526
705.0,0.0,0.0,0.034095595323143726,0.0009836905226235835
712.5,0.0,0.0,0.02419972705644037,0.0021978660069107286
720.0,0.0,0.0,0.050217702486423994,0.001266277663168208
727.5,0.0,0.0,0.07560396920195253,0.0008162474238301355
735.0,0.0,0.0,0.09730293928419315,0.0021875672493030596
742.5,0.0,0.0,0.1535841562080499,0.00032656633958774847
750.0,0.0,0.0,0.21686444384254486,0.004506828236167243
757.5,0.0,0.0,0.20477501120859407,0.006576461767955934
765.0,0.0,0.0,0.14029344890988157,0.0
772.5,0.0,0.0,0.026398078199968984,0.0
780.0,0.0,0.0,0.0,0.0
787.5,0.0,0.0,0.0,0.0013425332952401027
795.0,0.0,0.0,0.0,0.01759062390623535
802.5,0.0,0.0,0.0,0.11924269380696428
810.0,0.0,0.0,0.0,0.3795536673248466
817.5,0.0,0.0,0.0,0.7003046577183671
825.0,0.0,0.0,0.0,0.922970614739094
832.5,0.0,0.0,0.0,1.00460477938323
840.0,0.0,0.0,0.0,1.0062952296894982
847.5,0.0,0.0,0.0,0.8559389307422574
855.0,0.0,0.0,0.0,0.650535409318834
862.5,0.0,0.0,0.0,0.43309148390842156
870.0,0.0,0.0,0.0,0.29688191521942636
877.5,0.0,0.0,0.0,0.23605918581805432
885.0,0.0,0.0,0.0,0.06647979564183071
892.5,0.0,0.0,0.0,0.03684822736299094
900.0,0.0,0.0,0.0,0.017128043237418303
907.5,0.0,0.0,0.0,0.0
915.0,0.0,0.0,0.0,0.0
922.5,0.0,0.0,0.0,0.0
930.0,0.0,0.0,0.0,0.0
937.5,0.0,0.0,0.0,0.0
945.0,0.0,0.0,0.0,0.0
952.5,0.0,0.0,0.0,0.0
960.0,0.0,0.0,0.0,0.0
967.5,0.0,0.0,0.0,0.0
975.0,0.0,0.0,0.0,0.0
982.5,0.0,0.0,0.0,0.0
990.0,0.0,0.0,0.0,0.0
997.5,0.0,0.0,0.0,0.0
1005.0,0.0,0.0,0.0,0.0
1012.5,0.0,0.0,0.0,0.0
1020.0,0.0,0.0,0.0,0.0
1027.5,0.0,0.0,0.0,0.0
1035.0,0.0,0.0,0.0,0.0
1042.5,0.0,0.0,0.0,0.0
1050.0,0.0,0.0,0.0,0.0
1057.5,0.0,0.0,0.0,0.0
1065.0,0.0,0.0,0.0,0.0
1072.5,0.0,0.0,0.0,0.0
1080.0,0.0,0.0,0.0,0.0
1087.5,0.0,0.0,0.0,0.0
1095.0,0.0,0.0,0.0,0.0
1102.5,0.0,0.0,0.0,0.0
1110.0,0.0,0.0,0.0,0.0
1117.5,0.0,0.0,0.0,0.0
1125.0,0.0,0.0,0.0,0.0
1132.5,0.0,0.0,0.0,0.0
1140.0,0.0,0.0,0.0,0.0
1147.5,0.0,0.0,0.0,0.0
1155.0,0.0,0.0,0.0,0.0
1162.5,0.0,0.0,0.0,0.0
1170.0,0.0,0.0,0.0,0.0
1177.5,0.0,0.0,0.0,0.0
1185.0,0.0,0.0,0.0,0.0
1192.5,0.0,0.0,0.0,0.0
1200.0,0.0,0.0,0.0,0.0
1207.5,0.0,0.0,0.0,0.0
1215.0,0.0,0.0,0.0,0.0
1222.5,0.0,0.0,0.0,0.0
1230.0,0.0,0.0,0.0,0.0
1237.5,0.0,0.0,0.0,0.0
1245.0,0.0,0.0,0.0,0.0
1252.5,0.0,0.0,0.0,0.0
1260.0,0.0,0.0,0.0,0.0
1267.5,0.0,0.0,0.0,0.0
1275.0,0.0,0.0,0.0,0.0
1282.5,0.0,0.0,0.0,0.0
1290.0,0.0,0.0,0.0,0.0
1297.5,0.0,0.0,0.0,0.0
1305.0,0.0,0.0,0.0,0.0
1312.5,0.0,0.0,0.0,0.0
1320.0,0.0,0.0,0.0,0.0
1327.5,0.0,0.0,0.0,0.0
1335.0,0.0,0.0,0.0,0.0
1342.5,0.0,0.0,0.0,0.0
1350.0,0.0,0.0,0.0,0.0
1357.5,0.0,0.0,0.0,0.0
1365.0,0.0,0.0,0.0,0.0
1372.5,0.0,0.0,0.0,0.0
1380.0,0.0,0.0,0.0,0.0
1387.5,0.0,0.0,0.0,0.0
1395.0,0.0,0.0,0.0,0.0
1402.5,0.0,0.0,0.0,0.08473573166311839
1410.0,0.0,0.0,0.0,0.40337339167111264
1417.5,0.0,0.0,0.0,1.048587271939261
1425.0,0.0,0.0,0.0,1.2872106189638888
1432.5,0.0,0.0,0.0,1.4261062432854252
1440.0,0.0,0.0,0.0,1.30625533237127
1447.5,0.0,0.0,0.0,1.344433361227623
1455.0,0.0,0.0,0.0,1.491806571025969
1462.5,0.0,0.0,0.0,1.6546525850417038
1470.0,0.0,0.0,0.0,1.6602618921269896
1477.5,0.0,0.0,0.0,1.623192949844229
1485.0,0.0,0.0,0.0,1.1700924380126536
1492.5,0.0,0.0,0.0,1.0897923379779169
1500.0,0.0,0.0,0.0,1.262237570595757
1507.5,0.0,0.0,0.0,0.8388695133171834
1515.0,0.0,0.0,0.0,0.2652076654953717
1522.5,0.0,0.0,0.0,0.06274551162580676
1530.0,0.0,0.0,0.0,0.0018959952174097783
1537.5,0.0,0.0,0.0,0.0
1545.0,0.0,0.0,0.0,0.0
1552.5,0.0,0.0,0.0,0.0
1560.0,0.0,0.0,0.0,0.0
1567.5,0.0,0.0,0.0,0.0
1575.0,0.0,0.0,0.0,0.0
1582.5,0.0,0.0,0.0,0.0
1590.0,0.0,0.0,0.0,0.0
1597.5,0.0,0.0,0.0,0.0
1605.0,0.0,0.0,0.0,0.0
1612.5,0.0,0.0,0.0,0.0
1620.0,0.0,0.0,0.0,0.0
1627.5,0.0,0.0,0.0,0.0
1635.0,0.0,0.0,0.0,0.0
1642.5,0.0,0.0,0.0,0.0
1650.0,0.0,0.0,0.0,0.0
1657.5,0.0,0.0,0.0,0.0
1665.0,0.0,0.0,0.0,0.0
1672.5,0.0,0.0,0.0,0.0
1680.0,0.0,0.0,0.0,0.0
1687.5,0.0,0.0,0.0,0.0
1695.0,0.0,0.0,0.0,0.0
1702.5,0.0,0.0,0.0,0.0
1710.0,0.0,0.0,0.0,0.0
1717.5,0.0,0.0,0.0,0.0
1725.0,0.0,0.0,0.0,0.0
1732.5,0.0,0.0,0.0,0.0
1740.0,0.0,0.0,0.0,0.0
1747.5,0.0,0.0,0.0,0.0
1755.0,0.0,0.0,0.0,0.0
1762.5,0.0,0.0,0.0,0.0
1770.0,0.0,0.0,0.0,0.0
1777.5,0.0,0.0,0.0,0.0
1785.0,0.0,0.0,0.0,0.0
1792.5,0.0,0.0,0.0,0.0
1800.0,0.0,0.0,0.0,0.0
1807.5,0.0,0.0,0.0,0.0
1815.0,0.0,0.0,0.0,0.0
1822.5,0.0,0.0,0.0,0.0
1830.0,0.0,0.0,0.0,0.0
1837.5,0.0,0.0,0.0,0.0
1845.0,0.0,0.0,0.0,0.0
1852.5,0.0,0.0,0.0,0.0
1860.0,0.0,0.0,0.0,0.0
1867.5,0.0,0.0,0.0,0.0
1875.0,0.0,0.0,0.0,0.0
1882.5,0.0,0.0,0.0,0.0
1890.0,0.0,0.0,0.0,0.0
1897.5,0.0,0.0,0.0,0.0
1905.0,0.0,0.0,0.0,0.0
1912.5,0.0,0.0,0.0,0.0
1920.0,0.0,0.0,0.0,0.0
1927.5,0.0,0.0,0.0,0.0
1935.0,0.0,0.0,0.0,0.0
1942.5,0.0,0.0,0.0,0.0
1950.0,0.0,0.0,0.0,0.0
1957.5,0.0,0.0,0.0,0.0
1965.0,0.0,0.0,0.0,0.0
1972.5,0.0,0.0,0.0,0.0
1980.0,0.0,0.0,0.0,0.0
1987.5,0.0,0.0,0.0,0.0
1995.0,0.0,0.0,0.0,0.0
2002.5,0.0,0.0,0.0,0.0
2010.0,0.0,0.0,0.0,0.0
2017.5,0.0,0.0,0.0,0.0
2025.0,0.0,0.0,0.0,0.0
2032.5,0.0,0.0,0.0,0.0
2040.0,0.0,0.0,0.0,0.0
2047.5,0.0,0.0,0.0,0.0
2055.0,0.0,0.0,0.0,0.0
2062.5,0.0,0.0,0.0,0.0
2070.0,0.0,0.0,0.0,0.0
2077.5,0.0,0.0,0.0,0.0
2085.0,0.0,0.0,0.0,0.0
2092.5,0.0,0.0,0.0,0.0
2100.0,0.0,0.0,0.0,0.0
2107.5,0.0,0.0,0.0,0.0
2115.0,0.0,0.0,0.0,0.0
2122.5,0.0,0.0,0.0,0.0
2130.0,0.0,0.0,0.0,0.0
2137.5,0.0,0.0,0.0,0.0
2145.0,0.0,0.0,0.0,0.0
2152.5,0.0,0.0,0.0,0.0
2160.0,0.0,0.0,0.0,0.0
2167.5,0.0,0.0,0.0,0.0
2175.0,0.0,0.0,0.0,0.0
2182.5,0.0,0.0,0.0,0.0
2190.0,0.0,0.0,0.0,0.0
2197.5,0.0,0.0,0.0,0.0
2205.0,0.0,0.0,0.0,0.0
2212.5,0.0,0.0,0.0,0.0
2220.0,0.0,0.0,0.0,0.0
2227.5,0.0,0.0,0.0,0.0
2235.0,0.0,0.0,0.0,0.0
2242.5,0.0,0.0,0.0,0.0
2250.0,0.0,0.0,0.0,0.0
2257.5,0.0,0.0,0.0,0.0
2265.0,0.0,0.0,0.0,0.0
2272.5,0.0,0.0,0.0,0.0
2280.0,0.0,0.0,0.0,0.0
2287.5,0.0,0.0,0.0,0.0
2295.0,0.0,0.0,0.0,0.0
2302.5,0.0,0.0,0.0,0.0
2310.0,0.0,0.0,0.0,0.0
2317.5,0.0,0.0,0.0,0.0
2325.0,0.0,0.0,0.0,0.0
2332.5,0.0,0.0,0.0,0.0
2340.0,0.0,0.0,0.0,0.0
2347.5,0.0,0.0,0.0,0.0
2355.0,0.0,0.0,0.0,0.0
2362.5,0.0,0.0,0.0,0.0
2370.0,0.0,0.0,0.0,0.0
2377.5,0.0,0.0,0.0,0.0
2385.0,0.0,0.0,0.0,0.0
2392.5,0.0,0.0,0.0,0.0
2400.0,0.0,0.0,0.0,0.0
2407.5,0.0,0.0,0.0,0.0
2415.0,0.0,0.0,0.0,0.0
2422.5,0.0,0.0,0.0,0.0
2430.0,0.0,0.0,0.0,0.0
2437.5,0.0,0.0,0.0,0.0
2445.0,0.0,0.0,0.0,0.0
2452.5,0.0,0.0006456473998694111,0.0,0.0
2460.0,0.0,0.0,0.0,0.0
2467.5,0.0,0.0,0.0,0.0
2475.0,0.0,0.0,0.0,0.0
2482.5,0.0,0.0,0.0,0.0
2490.0,0.0,0.0,0.0,0.0
2497.5,0.0,0.0,0.0,0.0
2505.0,0.0,0.0,0.0,0.0
2512.5,0.0,0.0,0.0,0.0
2520.0,0.0,0.0,0.0,0.0
2527.5,0.0,0.0,0.0,0.0
2535.0,0.0,0.0,0.0,0.0
2542.5,0.0,0.0,0.0,0.0
2550.0,0.0,0.0,0.0,0.0
2557.5,0.0,0.0,0.0,0.0
2565.0,0.0,0.0,0.0,0.0
2572.5,0.0,0.0,0.0,0.0
2580.0,0.0,0.0,0.0,0.0
2587.5,0.0,0.0,0.0,0.0
2595.0,0.0,0.0,0.0,0.0
2602.5,0.0,0.0,0.0,0.0
2610.0,0.0,0.0,0.0,0.0
2617.5,0.0,0.0,0.0,0.0
2625.0,0.0,0.0,0.0,0.0
2632.5,0.0,0.0,0.0,0.0
2640.0,0.0,0.0,0.0,0.0
2647.5,0.0,0.0,0.0,0.0
2655.0,0.0,0.0,0.0,0.0
2662.5,0.0,0.0,0.0,0.0
2670.0,0.0,0.0,0.0,0.0
2677.5,0.0,0.00031739773258073487,0.0,0.0
2685.0,0.0,0.0,0.0,0.0
2692.5,0.0,0.0,0.0,0.0
2700.0,0.0,0.0,0.0,0.0
2707.5,0.0,0.0055183267854980594,0.0,0.0
2715.0,0.0,0.0,0.0,0.0
2722.5,0.0,0.0,0.0,0.0058860204921252395
2730.0,0.0,0.0,0.0,0.0
2737.5,0.0,0.0,0.0,0.0
2745.0,0.0,0.0,0.0,0.0
2752.5,0.0,0.0,0.0,0.0
2760.0,0.0,0.0,0.0,0.0
2767.5,0.0,0.0,0.0,0.0
2775.0,0.0,0.0,0.0,0.0
2782.5,0.0,0.0,0.0,0.0
2790.0,0.0,0.0,0.0,0.0
2797.5,0.0,0.0,0.0,0.0
2805.0,0.0,0.0,0.0,0.0
2812.5,0.0,0.0,0.0,0.0
2820.0,0.0,0.0,0.0,0.0
2827.5,0.0,0.0,0.0,0.0
2835.0,0.0,0.0,0.0,0.0
2842.5,0.0,0.0,0.0,0.0
2850.0,0.0,0.0,0.0,0.0
2857.5,0.0,0.0,0.0,0.0
2865.0,0.0,0.0,0.0,0.0
2872.5,0.0,0.0,0.0,0.0
2880.0,0.0,0.0,0.0,0.0
2887.5,0.0,0.0,0.0,0.0
2895.0,0.0,0.0,0.0,0.0
2902.5,0.0,0.0,0.0,0.0
2910.0,0.0,0.0,0.0,0.0
2917.5,0.0,0.0,0.0,0.0
2925.0,0.0,0.0,0.0,0.0
2932.5,0.0,0.0,0.0,0.0
2940.0,0.0,0.0,0.0,0.0
2947.5,0.0,0.0,0.0,0.0
2955.0,0.0,0.0,0.0,0.0
2962.5,0.0,0.0,0.0,0.0
2970.0,0.0,0.0,0.0,0.0
2977.5,0.0,0.0,0.0,0.0
2985.0,0.0,0.0,0.0,0.0
2992.5,0.0,0.0,0.0,0.0
3000.0,0.0,0.0,0.0,0.0
3007.5,0.0,0.0,0.0,0.0
3015.0,0.0,0.0,0.0,0.0
3022.5,0.0,0.0,0.0,0.0
3030.0,0.0,0.003335525891119723,0.0,0.0
3037.5,0.0,0.0013441364335126322,0.0,0.0
3045.0,0.0,0.0,0.0,0.0
3052.5,0.0,0.0,0.0,0.0
3060.0,0.0,0.0,0.0,0.0
3067.5,0.0,0.0,0.0,0.0
3075.0,0.0,0.0,0.0,0.0
3082.5,0.0,0.0,0.0,0.0
3090.0,0.0,0.0,0.0,0.0
3097.5,0.0,0.0,0.0,0.0
3105.0,0.0,0.0,0.0,0.0
3112.5,0.0,0.0,0.0,0.0
3120.0,0.0,0.0,0.0,0.0
3127.5,0.0,0.0,0.0,0.0
3135.0,0.0,0.0,0.0,0.0
3142.5,0.0,0.0,0.0,0.0
3150.0,0.0,0.0073268881661465845,0.0,0.0
3157.5,0.0,0.00147384979026407,0.0,0.0
3165.0,0.0,0.0,0.0,0.0
3172.5,0.0,0.0,0.0,0.0
3180.0,0.0,0.0,0.0,0.0012186539968256078
3187.5,0.0,0.0,0.0,0.0
3195.0,0.0,0.0,0.0,0.0
3202.5,0.0,0.0,0.0,0.0
3210.0,0.0,0.0,0.0,0.0
3217.5,0.0,0.0,0.0,0.0
3225.0,0.0,0.0,0.0,0.0
3232.5,0.0,0.0,0.0,0.0
3240.0,0.0,0.0,0.0,0.0
3247.5,0.0,0.0,0.0,0.0
3255.0,0.0,0.0,0.0,0.0
3262.5,0.0,0.0,0.0,0.0
3270.0,0.0,0.0,0.0,0.009002287252350782
3277.5,0.0,0.0,0.0,0.0
3285.0,0.0,0.0,0.0,0.0
3292.5,0.0,0.0,0.0,0.0
3300.0,0.0,0.0,0.0,0.0
3307.5,0.0,0.0,0.0,0.0
3315.0,0.0,0.0,0.0,0.0
3322.5,0.0,0.0,0.0,0.0
3330.0,0.0,0.0,0.0,0.0
3337.5,0.0,0.0,0.0,0.0
3345.0,0.0,0.0,0.0,0.0
3352.5,0.0,0.0,0.0,0.0
3360.0,0.0,0.0,0.0,0.0
3367.5,0.0,0.0,0.0,0.0
3375.0,0.0,0.0,0.0,0.0
3382.5,0.0,0.0,0.0,0.0
3390.0,0.0,0.0,0.0,0.0
3397.5,0.0,0.0,0.0,0.0
3405.0,0.0,0.010049550818752973,0.0,0.0
3412.5,0.0,0.0,0.0,0.0
3420.0,0.0,0.0,0.0,0.0
3427.5,0.0,0.0,0.0,0.0
3435.0,0.0,0.0,0.0,0.0011339863764728481
3442.5,0.0,0.0,0.0,0.0
3450.0,0.0,0.0,0.0,0.0
3457.5,0.0,0.0,0.0,0.0
3465.0,0.0,0.0,0.0,0.0
3472.5,0.0,0.0,0.0,0.0
3480.0,0.0,0.0,0.0,0.0
3487.5,0.0,0.0,0.0,0.0
3495.0,0.0,0.0,0.0,0.0
3502.5,0.0,0.0,0.0,0.0
3510.0,0.0,0.0,0.0,0.0
3517.5,0.0,0.0,0.0,0.0
3525.0,0.0,0.0,0.0,0.0
3532.5,0.0,0.0,0.0,0.0
3540.0,0.0,0.0,0.0,0.0
3547.5,0.0,0.0,0.0,0.0
3555.0,0.0,0.0,0.0,0.0
3562.5,0.0,0.0,0.0,0.0
3570.0,0.0,0.0,0.0,0.0
3577.5,0.0,0.0,0.0,0.0
3585.0,0.0,0.0,0.0,0.0
3592.5,0.0,0.0,0.0,0.0
3600.0,0.0,0.0,0.0,0.0
3607.5,0.0,0.0,0.0,0.0
3615.0,0.0,0.0,0.0,0.0
3622.5,0.0,0.0,0.0,0.0
3630.0,0.0,0.004055726910171353,0.0,0.0
3637.5,0.0,0.0,0.0,0.0
3645.0,0.0,0.0,0.0,0.0
3652.5,0.0,0.0,0.0,0.0
3660.0,0.0,0.0006552843903010483,0.0,0.0
3667.5,0.0,0.0,0.0,0.0026248794607619955
3675.0,0.0,0.0,0.0,0.0
3682.5,0.0,0.0,0.0,0.0
3690.0,0.0,0.0,0.0,0.0
3697.5,0.0,0.0,0.0,0.0
3705.0,0.0,0.0,0.0,0.0
3712.5,0.0,0.0,0.0,0.0
3720.0,0.0,0.0,0.0,0.0
3727.5,0.0,0.0,0.0,0.0
3735.0,0.0,0.0,0.0,0.0
3742.5,0.0,0.0,0.0,0.0
3750.0,0.0,0.0,0.0,0.005831964165493214
3757.5,0.0,0.0,0.0,0.00027324398051367486
3765.0,0.0,0.0,0.0,0.0
3772.5,0.0,0.0,0.0,0.0
3780.0,0.0,0.0,0.0,0.0
3787.5,0.0,0.0,0.0,0.0
3795.0,0.0025902254905041107,0.0,0.0,0.0
3802.5,0.0,0.0,0.0,0.0
3810.0,0.0034410656359220465,0.0,0.0,0.0
3817.5,0.0,0.0,0.0,0.0
3825.0,0.0,0.0,0.0,0.0
3832.5,0.002902351821748201,0.0,0.0,0.0
3840.0,0.0,0.0,0.0,0.0
3847.5,0.0,0.013241068907611718,0.0,0.0
3855.0,0.0,0.0,0.0,0.0
3862.5,0.0,0.0,0.0,0.0
3870.0,0.0,0.0,0.0,0.0
3877.5,0.0,0.0,0.0,0.0
3885.0,0.0,0.0,0.0,0.0
3892.5,0.0,0.0,0.0,0.0
3900.0,0.0,0.0,0.0,0.0
3907.5,0.0,0.005901369182748313,0.0,0.0
3915.0,0.0,0.0,0.0,0.0
3922.5,0.0,0.0,0.0,0.0
3930.0,0.0,0.020853343058759008,0.0,0.0
3937.5,0.0,0.0,0.0,0.0
3945.0,0.0,0.0,0.0,0.0
3952.5,0.0,0.0,0.0,0.0
3960.0,0.0,0.0,0.0,0.0
3967.5,0.0,0.0,0.0,0.0
3975.0,0.0,0.0,0.0,0.0
3982.5,0.0,0.0,0.0,0.0
3990.0,0.0,0.0,0.0,0.0
3997.5,0.0,0.0,0.0,0.0
4005.0,0.0,0.0,0.0,0.004351059411615935
4012.5,0.0,0.0,0.0,0.0
4020.0,0.0,0.0,0.0,0.0
4027.5,0.0,0.0,0.0,0.0
4035.0,0.0,0.0,0.0,0.0
4042.5,0.0,0.0,0.0,0.0
4050.0,0.0,0.0,0.0,0.0
4057.5,0.0016177512767768815,0.0,0.0,0.0
4065.0,0.0,0.0,0.0,0.002344572110651839
4072.5,0.0,0.0,0.0,0.0
4080.0,0.0,0.0,0.0,0.0019653801292409366
4087.5,0.0,0.0,0.0,0.0
4095.0,0.0007278293874577184,0.0,0.0,0.0
4102.5,0.0,0.0,0.0,0.033598834682459305
4110.0,0.0,0.0,0.0,0.0
4117.5,0.0,0.0,0.0,0.0
4125.0,0.0,0.0,0.0,0.0
4132.5,0.0,0.005463891009166869,0.0,0.05335322922826778
4140.0,0.0,0.0,0.0,0.0
4147.5,0.02056814222644928,0.0,0.0,0.0
4155.0,0.009373863192516013,0.0,0.0,0.0
4162.5,0.0,0.0,0.0,0.0
4170.0,0.0,0.0,0.0,0.0
4177.5,0.0,0.0,0.0,0.0
4185.0,0.0,0.0,0.0,0.0
4192.5,0.0,0.0,0.0,0.0
4200.0,0.0,0.0,0.0,0.0
4207.5,0.0,0.0,0.0,0.011392703352855537
4215.0,0.0,0.007664946493514325,0.0,0.0
4222.5,0.0,0.016127944578799666,0.0,0.0
4230.0,0.0,0.002508448268578987,0.0,0.0
4237.5,0.0,0.01715304014462039,0.0,0.0
4245.0,0.0,0.0,0.0,0.0
4252.5,0.0,0.0,0.0,0.0
4260.0,0.0,0.0,0.0,0.0
4267.5,0.0,0.003925126589781094,0.0,0.0
4275.0,0.0,0.0,0.0,0.0
4282.5,0.0,0.0,0.0,0.00738251390267083
4290.0,0.0,0.0,0.0,0.03393877557268634
4297.5,0.0,0.0,0.0,0.015762058344990875
4305.0,0.0,0.0,0.0,0.0
4312.5,0.0,0.0,0.0,0.0
4320.0,0.0,0.0,0.0,0.0
4327.5,0.0,0.0,0.0,0.0
4335.0,0.0,0.002737123939142711,0.0,0.0
4342.5,0.0,0.0,0.0,0.0
4350.0,0.0,0.0,0.0,0.0
4357.5,0.0,0.0018101605796071282,0.0,0.0
4365.0,0.0,0.009624016099924668,0.0,0.002141070476632192
4372.5,0.0,0.0,0.0,0.0
4380.0,0.028315525191595328,0.01042654010503479,0.0,0.0
4387.5,0.0,0.0,0.0,0.004508379660525726
4395.0,0.0,0.0,0.0,0.0
4402.5,0.0036202895520642603,0.0,0.0,0.0
4410.0,0.0,0.033389165455895355,0.0,0.0
4417.5,0.0,0.008563998716518955,0.0,0.0
4425.0,0.0,0.0009372032213117551,0.0,0.03207371342173425
4432.5,0.0,0.0,0.0,0.0
4440.0,0.0,0.0,0.0,0.0
4447.5,0.0,0.0,0.0,0.003447973191504236
4455.0,0.0,0.0,0.0,0.0019508308045112761
4462.5,0.0,0.0,0.0,0.0
4470.0,0.005838134993489849,0.0,0.0,0.00046463287248860066
4477.5,0.0019430864401794718,0.0,0.0,0.0
4485.0,0.0,0.01365756163587239,0.0,0.0
4492.5,0.0,0.008958247970369723,0.0,0.0
4500.0,0.0,0.0,0.0,0.004614744633084176
4507.5,0.0,0.0,0.0,0.01868514095622558
4515.0,0.0,0.0,0.0,0.0
4522.5,0.0,0.0,0.0,0.0
4530.0,0.0,0.0,0.0,0.0
4537.5,0.0,0.0,0.0,0.0
4545.0,0.0,0.0,0.0,0.0
4552.5,0.0,0.0,0.0,0.0
4560.0,0.0,0.0,0.0,0.0
4567.5,0.0,0.0,0.0,0.02074680016835126
4575.0,0.0,0.0069765768794890735,0.0,0.0
4582.5,0.0,0.0,0.0,0.0
4590.0,0.0,0.0,0.0,0.018476396621438303
4597.5,0.0,0.0,0.0,0.021007230207645597
4605.0,0.0,0.0,0.0,0.015408918730579677
4612.5,0.0,0.0,0.0,0.0
4620.0,0.0,0.0004580390329889366,0.0,0.0
4627.5,0.0,0.01032528698967069,0.0,0.0
4635.0,0.0,0.0,0.0,0.0
4642.5,0.0,0.0,0.0,0.0
4650.0,0.0,0.0,0.006497821712914208,0.0
4657.5,0.0,0.0,0.0,0.0
4665.0,0.0,0.0,0.0,0.0
4672.5,0.04755342299871656,0.0,0.0,0.0
4680.0,0.03361412282670521,0.0,0.0,0.0
4687.5,0.0,0.0,0.0,0.003943014862519684
4695.0,0.0,0.0,0.0,0.0
4702.5,0.0,0.0,0.0,0.0
4710.0,0.0,0.0,0.0,0.0
4717.5,0.0,0.0,0.0,0.0
4725.0,0.0,0.0,0.0,0.0
4732.5,0.0,0.0,0.0,0.002752062750860228
4740.0,0.0,0.0,0.0,0.0
4747.5,0.004586638731482027,0.0,0.0,0.0
4755.0,0.0,0.0,0.0,0.0
4762.5,0.0,0.036290205125591016,0.0,0.0
4770.0,0.0,0.0,0.0,0.0
4777.5,0.0,0.0,0.0,0.0
4785.0,0.023443616377410645,0.0,0.0,0.0021215330485771836
4792.5,0.0,0.0,0.004912341722882326,0.0510326250668332
4800.0,0.0,0.0,0.0,0.0
4807.5,0.0,0.0,0.0,0.0
4815.0,0.0,0.0009721606581958298,0.0,0.0
4822.5,0.0,0.0,0.0,0.034749923027045805
4830.0,0.0,0.0,0.0,0.0
4837.5,0.0,0.0,0.0,0.02178294260201008
4845.0,0.0,0.0,0.0,0.0
4852.5,0.0,0.023021474283720995,0.0,0.0
4860.0,0.0,0.08268362629220005,0.0,0.0
4867.5,0.0,0.0,0.0,0.0
4875.0,0.0,0.0,0.0,0.0
4882.5,0.041153160687369725,0.0,0.0,0.0
4890.0,0.0,0.0,0.0,0.0
4897.5,0.0,0.0,0.0,0.0
4905.0,0.0,0.0,0.0,0.0
4912.5,0.0,0.0,0.0,0.0
4920.0,0.0,0.0,0.0,0.0
4927.5,0.0,0.0,0.0,0.06069134105469395
4935.0,0.0,0.0,0.0,0.0060495107700910475
4942.5,0.0,0.0,0.0,0.0
4950.0,0.0,0.0,0.0,0.0
4957.5,0.0,0.0,0.0,0.0013517390551022804
4965.0,0.0,0.0245521489831301,0.0,0.030635923342647885
4972.5,0.0013525655446810646,0.005915762871827242,0.0,0.0
4980.0,0.0,0.06353888136588291,0.0,0.0
4987.5,0.0,0.0,0.0,0.0
4995.0,0.0,0.0,0.0,0.0
5002.5,0.003219493476049641,0.0,0.0,0.0
5010.0,0.0,0.0,0.0,0.0
5017.5,0.0,0.0,0.0,0.0
5025.0,0.0,0.08353297288675832,0.0,0.03818723475758016
5032.5,0.0,0.0,0.0,0.044174619357047896
5040.0,0.0,0.0,0.0,0.0
5047.5,0.0,0.0,0.0,0.0
5055.0,0.0,0.004468593627916504,0.0,0.0
5062.5,0.0,0.02806636847468031,0.0,0.0
5070.0,0.0,0.0,0.0,0.0
5077.5,0.0,0.0,0.0,0.0
5085.0,0.0,0.0,0.0,0.0
5092.5,0.0,0.011654074023023939,0.0,0.0
5100.0,0.0,0.03586249329232292,0.0,0.0
5107.5,0.002514140066335993,0.008158562867026512,0.0,0.0
5115.0,0.0,0.010418560991501102,0.0,0.0
5122.5,0.0,0.0,0.0,0.0
5130.0,0.0,0.0,0.0,0.0
5137.5,0.0,0.0,0.0,0.00670954793032284
5145.0,0.0,0.0,0.0,0.016579945016410403
5152.5,0.0,0.03467539120666887,0.0,0.0
5160.0,0.0,0.0,0.0,0.02362536390156517
5167.5,0.0,0.0,0.0,0.0
5175.0,0.0,0.0,0.0,0.0
5182.5,0.0,0.012798959160329916,0.0,0.0
5190.0,0.0,0.010100839261980337,0.0,0.0
5197.5,0.0,0.015207984779438542,0.0,0.0
5205.0,0.0,0.025371680137387758,0.0,0.0
5212.5,0.013326334327841194,0.0,0.0,0.009635797177031105
5220.0,0.0,0.0,0.0,0.031937885800772975
5227.5,0.0,0.047744139308862774,0.000450345381472723,0.001762580086390491
5235.0,0.0,0.0,0.0,0.04501085223119563
5242.5,0.0,0.04501068709982356,0.0,0.05477132873893956
5250.0,0.0,0.03686371140613501,0.0,0.008207819494540365
5257.5,0.03418558884894943,0.0,0.0,0.0170340814623463
5265.0,0.0,0.0,0.0,0.0
5272.5,0.0,0.0,0.0,0.0
5280.0,0.0,0.0,0.0,0.03609778931276037
5287.5,0.0,0.008488838957015318,0.0,0.02548913973111927
5295.0,0.0,0.0,0.0,0.06628388839164877
5302.5,0.0,0.0,0.0,0.0
5310.0,0.0,0.0,0.0,0.0
5317.5,0.014024630494513926,0.0,0.0,0.0
5325.0,0.0,0.0,0.0,0.010315348064797577
5332.5,0.0,0.0,0.0,0.0
5340.0,0.0,0.0,0.007621669814682112,0.01162661766642353
5347.5,0.0,0.030591673896666487,0.0,0.0
5355.0,0.025167311516343677,0.12296432490171942,0.0,0.0
5362.5,0.0,0.009927164932159338,0.0,0.01497567191363054
5370.0,0.0,0.0,0.0,0.0
5377.5,0.0,0.023891163228298633,0.0,0.0
5385.0,0.0,0.007847560569589324,0.0,0.028082866179292416
5392.5,0.0,0.0,0.0,0.013228684166412008
5400.0,0.0,0.0,0.0,0.0
5407.5,0.0,0.0,0.0,0.0
5415.0,0.0,0.06029185823217441,8.9079082539568e-05,0.0
5422.5,0.0,0.0,0.0,0.0
5430.0,0.0,0.036843383423550195,0.0,0.0
5437.5,0.0,0.06919104987279823,0.01033228013903669,0.0
5445.0,0.0,0.0,0.0,0.0
5452.5,0.0,0.0,0.0,0.010323286675289723
5460.0,0.0,0.0,0.0,0.012363030714858508
5467.5,0.0,0.0,0.0,0.057011260112448406
5475.0,0.0,0.0,0.0,0.02581278240497622
5482.5,0.0,0.0,0.0,0.0
5490.0,0.0,0.10948213072114504,0.0,0.0
5497.5,0.0,0.0,0.0,0.006597928582319054
5505.0,0.0,0.0,0.0,0.0
5512.5,0.0,0.0,0.0,0.06702250599971378
5520.0,0.04228474202303262,0.0,0.0,0.032253621129526025
5527.5,0.0056367638011559735,0.0,0.0,0.0
5535.0,0.0,0.0,0.0,0.0
5542.5,0.0,0.0,0.0,0.0
5550.0,0.0,0.00243806789431619,0.0,0.0
5557.5,0.0,0.03897968669811091,0.0,0.008603745865346556
5565.0,0.0,0.0,0.0,0.0
5572.5,0.0,0.0,0.0,0.0
5580.0,0.0,0.0,0.0,0.0
5587.5,0.011583805735569186,0.0,0.0,0.0
5595.0,0.0,0.0,0.0,0.0
5602.5,0.0,0.08043314083325458,0.0,0.007869524525973464
5610.0,0.0,0.0,0.0,0.00530888572454211
5617.5,0.016308607414765787,0.0,0.0,0.0
5625.0,0.0,0.04121306490963535,0.0,0.0
5632.5,0.0,0.012418354019877509,0.0,0.0
5640.0,0.0,0.0,0.0,0.030694216024885236
5647.5,0.0,0.018761839270378156,0.0,0.03675748667246118
5655.0,0.0,0.03321684100581224,0.0,0.021821281814267145
5662.5,0.0,0.05182546436993167,0.0,0.11182678158470173
5670.0,0.0,0.09604578682571144,0.0,0.0
5677.5,0.0,0.084720568417435,0.0,0.0
5685.0,0.0,0.0,0.0,0.0
5692.5,0.0,0.0,0.0,0.03365087501690941
5700.0,0.0,0.0071164557571365625,0.0,0.0
5707.5,0.0,0.0,0.0,0.017270978536749245
5715.0,0.0,0.0,0.0019363272367240076,0.0
5722.5,0.0,0.0,0.0,0.0
5730.0,0.0,0.0,0.0,0.0
5737.5,0.0,0.0,0.0,0.0
5745.0,0.0,0.0,0.0,0.0
5752.5,0.0,0.034514521702204544,0.0,0.022716323659383367
5760.0,0.050923087066607094,0.0,0.0,0.005636622355326351
5767.5,0.031235358190759174,0.0,0.0,0.0
5775.0,0.005744272173799157,0.022378636909502602,0.0,0.0
5782.5,0.0,0.027116970349382628,0.002157890658837921,0.0
5790.0,0.0,0.07803064060951675,0.0,0.003919457417680258
5797.5,0.0,0.05279224681531752,0.0,0.0
5805.0,0.0,0.0,0.0,0.0
5812.5,0.0,0.0,0.0,0.0
5820.0,0.0,0.0,0.003909057710559205,0.0
5827.5,0.0,0.0,0.0,0.016809825495360028
5835.0,0.0,0.0,0.0,0.0
5842.5,0.011118476510788185,0.009074038531596391,0.0,0.0
5850.0,0.008478707843501928,0.0,0.0003335054196273123,0.0
5857.5,0.0,0.054736041870002645,0.0,0.017010533921615674
5865.0,0.0,0.04470902608632678,0.0,0.0
5872.5,0.0,0.03957322486545285,0.0,0.0
5880.0,0.0,0.061969238350782746,0.0,0.0
5887.5,0.0,0.030309438107131693,0.0,0.07423017132069573
5895.0,0.0,0.031527581552609575,0.0,0.01440721502447455
5902.5,0.0,0.0,0.0,0.010026230780905001
5910.0,0.0,0.0,0.0,0.048354819997525764
5917.5,0.026343537923794527,0.08366841823015461,0.0,0.0
5925.0,0.0,0.0,0.0,0.0
5932.5,0.0,0.0,0.0,0.00860813117497837
5940.0,0.0,0.0,0.0,0.001757279681191533
5947.5,0.0,0.0,0.0,0.016942137711645638
5955.0,0.0,0.005533428621958985,0.0,0.0
5962.5,0.0,0.0,0.009861556892428755,0.04293083585707285
5970.0,0.0,0.05655148287202081,0.0,0.035603021212196
5977.5,0.0,0.0,0.0,0.0
5985.0,0.010469757486262136,0.03568239527127726,0.0,0.03317888637519152
5992.5,0.019606025470275092,0.019606025470275092,0.019606025470275092,0.019606025470275092
6000.0,0.0,0.0,0.0,0.0
